[
  {
    "resultName": "annotated_result_image_name.jpeg",
    "roadDamages": [
      {
        "type": "pothole",
        "damageClass": "D40",
        "lastObservation": "2001-10-26T21:32:52",
        "gpsCoordinate": {
          "lat": 12.1234,
          "lng": 12.1234
        },
        "confidence": 0.23
      },
      {
        "type": "crack",
        "damageClass": "D10",
        "lastObservation": "2001-10-26T21:32:52",
        "heading": "string",
        "gpsCoordinate": {
          "lat": 12.1234,
          "lng": 12.1234
        },
        "confidence": 0.23
      }
    ]
  },
  {
    "resultName": "annotated_result_image_name.jpeg",
    "roadDamages": [
      {
        "type": "pothole",
        "damageClass": "D40",
        "lastObservation": "2001-10-26T21:32:52",
        "gpsCoordinate": {
          "lat": 12.1234,
          "lng": 12.1234
        },
        "confidence": 0.23
      },
      {
        "type": "crack",
        "damageClass": "D10",
        "lastObservation": "2001-10-26T21:32:52",
        "heading": "string",
        "gpsCoordinate": {
          "lat": 12.1234,
          "lng": 12.1234
        },
        "confidence": 0.23
      }
    ]
  }
]
