[
  {
    "type": "mesh cracks",
    "damageClass": "D20",
    "lastObservation": "2024-02-23T07:03:03.503Z",
    "gpsCoordinate": ["59.7507", "117.1783"],
    "confidence": 0.76
  },
  {
    "type": "mesh cracks",
    "damageClass": "D20",
    "lastObservation": "2024-02-23T12:05:02.154Z",
    "gpsCoordinate": ["-15.8317", "-27.1737"],
    "confidence": 0.57
  },
  {
    "type": "mesh cracks",
    "damageClass": "D10",
    "lastObservation": "2024-02-23T02:32:28.397Z",
    "gpsCoordinate": ["-6.7318", "-72.2586"],
    "confidence": 0.38
  },
  {
    "type": "longitudinal cracks",
    "damageClass": "D10",
    "lastObservation": "2024-02-23T10:45:38.380Z",
    "gpsCoordinate": ["63.0423", "129.3681"],
    "confidence": 0.69
  },
  {
    "type": "mesh cracks",
    "damageClass": "D20",
    "lastObservation": "2024-02-23T06:58:14.241Z",
    "gpsCoordinate": ["-0.3207", "71.7421"],
    "confidence": 0.55
  },
  {
    "type": "longitudinal cracks",
    "damageClass": "D00",
    "lastObservation": "2024-02-22T21:54:54.268Z",
    "gpsCoordinate": ["52.5278", "153.3182"],
    "confidence": 0.16
  },
  {
    "type": "mesh cracks",
    "damageClass": "D10",
    "lastObservation": "2024-02-23T06:27:13.864Z",
    "gpsCoordinate": ["89.4384", "44.5341"],
    "confidence": 0.61
  },
  {
    "type": "mesh cracks",
    "damageClass": "D00",
    "lastObservation": "2024-02-23T17:48:20.233Z",
    "gpsCoordinate": ["17.0158", "-113.0525"],
    "confidence": 0.72
  },
  {
    "type": "mesh cracks",
    "damageClass": "D00",
    "lastObservation": "2024-02-23T10:54:00.499Z",
    "gpsCoordinate": ["-62.6410", "-109.6567"],
    "confidence": 0.26
  },
  {
    "type": "longitudinal cracks",
    "damageClass": "D10",
    "lastObservation": "2024-02-22T21:22:56.408Z",
    "gpsCoordinate": ["-82.3546", "-8.3756"],
    "confidence": 0.16
  },
  {
    "type": "mesh cracks",
    "damageClass": "D20",
    "lastObservation": "2024-02-23T03:37:54.052Z",
    "gpsCoordinate": ["73.2317", "66.8036"],
    "confidence": 0.88
  },
  {
    "type": "pothole",
    "damageClass": "D40",
    "lastObservation": "2024-02-23T03:58:59.833Z",
    "gpsCoordinate": ["-81.4231", "147.5696"],
    "confidence": 0.35
  },
  {
    "type": "mesh cracks",
    "damageClass": "D40",
    "lastObservation": "2024-02-22T23:54:20.287Z",
    "gpsCoordinate": ["-58.9146", "-19.9553"],
    "confidence": 0.59
  },
  {
    "type": "mesh cracks",
    "damageClass": "D20",
    "lastObservation": "2024-02-23T03:42:44.679Z",
    "gpsCoordinate": ["74.9134", "55.7245"],
    "confidence": 0.72
  },
  {
    "type": "pothole",
    "damageClass": "D20",
    "lastObservation": "2024-02-23T09:36:57.459Z",
    "gpsCoordinate": ["55.4791", "59.5250"],
    "confidence": 0.65
  },
  {
    "type": "longitudinal cracks",
    "damageClass": "D00",
    "lastObservation": "2024-02-23T12:08:12.415Z",
    "gpsCoordinate": ["-13.3801", "-115.0359"],
    "confidence": 0.11
  },
  {
    "type": "pothole",
    "damageClass": "D40",
    "lastObservation": "2024-02-23T06:13:11.630Z",
    "gpsCoordinate": ["-54.0791", "-152.0329"],
    "confidence": 0.68
  },
  {
    "type": "longitudinal cracks",
    "damageClass": "D40",
    "lastObservation": "2024-02-23T08:22:05.735Z",
    "gpsCoordinate": ["86.6977", "-90.9608"],
    "confidence": 0.71
  },
  {
    "type": "mesh cracks",
    "damageClass": "D20",
    "lastObservation": "2024-02-22T23:21:45.498Z",
    "gpsCoordinate": ["85.3380", "-162.6632"],
    "confidence": 0.74
  },
  {
    "type": "mesh cracks",
    "damageClass": "D00",
    "lastObservation": "2024-02-23T06:11:55.453Z",
    "gpsCoordinate": ["36.8236", "-115.9852"],
    "confidence": 0.3
  }
]
