{
  "entries": [
    {
      "resultName": "image_path.jpeg",
      "roadDamages": [
        {
          "type": "mesh cracks",
          "damageClass": "D20",
          "lastObservation": "2024-02-26T04:14:40.470Z",
          "gpsCoordinate": { "lat": 59.7507, "lng": 117.1783 },
          "confidence": 0.76
        },
        {
          "type": "longitudinal cracks",
          "damageClass": "D20",
          "lastObservation": "2024-02-25T20:33:55.247Z",
          "gpsCoordinate": { "lat": -55.2037, "lng": 23.6223 },
          "confidence": 0.98
        },
        {
          "type": "transverse cracks",
          "damageClass": "D20",
          "lastObservation": "2024-02-26T14:50:15.493Z",
          "gpsCoordinate": { "lat": 2.4779, "lng": 176.6259 },
          "confidence": 0.87
        }
      ]
    },
    {
      "resultName": "image_path.jpeg",
      "roadDamages": [
        {
          "type": "mesh cracks",
          "damageClass": "D20",
          "lastObservation": "2024-02-26T09:16:39.120Z",
          "gpsCoordinate": { "lat": -15.8317, "lng": -27.1737 },
          "confidence": 0.57
        }
      ]
    },
    {
      "resultName": "image_path.jpeg",
      "roadDamages": [
        {
          "type": "mesh cracks",
          "damageClass": "D10",
          "lastObservation": "2024-02-25T23:44:05.364Z",
          "gpsCoordinate": { "lat": -6.7318, "lng": -72.2586 },
          "confidence": 0.38
        }
      ]
    },
    {
      "resultName": "image_path.jpeg",
      "roadDamages": [
        {
          "type": "longitudinal cracks",
          "damageClass": "D10",
          "lastObservation": "2024-02-26T07:57:15.347Z",
          "gpsCoordinate": { "lat": 63.0423, "lng": 129.3681 },
          "confidence": 0.69
        },
        {
          "type": "longitudinal cracks",
          "damageClass": "D40",
          "lastObservation": "2024-02-26T03:06:11.193Z",
          "gpsCoordinate": { "lat": 42.1956, "lng": -157.0718 },
          "confidence": 0.41
        }
      ]
    },
    {
      "resultName": "image_path.jpeg",
      "roadDamages": [
        {
          "type": "mesh cracks",
          "damageClass": "D20",
          "lastObservation": "2024-02-26T04:09:51.208Z",
          "gpsCoordinate": { "lat": -0.3207, "lng": 71.7421 },
          "confidence": 0.55
        }
      ]
    },
    {
      "resultName": "image_path.jpeg",
      "roadDamages": [
        {
          "type": "longitudinal cracks",
          "damageClass": "D00",
          "lastObservation": "2024-02-25T19:06:31.235Z",
          "gpsCoordinate": { "lat": 52.5278, "lng": 153.3182 },
          "confidence": 0.16
        }
      ]
    },
    {
      "resultName": "image_path.jpeg",
      "roadDamages": [
        {
          "type": "mesh cracks",
          "damageClass": "D10",
          "lastObservation": "2024-02-26T03:38:50.830Z",
          "gpsCoordinate": { "lat": 89.4384, "lng": 44.5341 },
          "confidence": 0.61
        },
        {
          "type": "transverse cracks",
          "damageClass": "D20",
          "lastObservation": "2024-02-26T04:54:43.970Z",
          "gpsCoordinate": { "lat": 6.0611, "lng": 162.3114 },
          "confidence": 0.97
        }
      ]
    },
    {
      "resultName": "image_path.jpeg",
      "roadDamages": [
        {
          "type": "mesh cracks",
          "damageClass": "D00",
          "lastObservation": "2024-02-26T14:59:57.199Z",
          "gpsCoordinate": { "lat": 17.0158, "lng": -113.0525 },
          "confidence": 0.72
        },
        {
          "type": "pothole",
          "damageClass": "D40",
          "lastObservation": "2024-02-26T02:42:24.848Z",
          "gpsCoordinate": { "lat": -86.7955, "lng": -148.9404 },
          "confidence": 0.44
        }
      ]
    },
    {
      "resultName": "image_path.jpeg",
      "roadDamages": [
        {
          "type": "mesh cracks",
          "damageClass": "D00",
          "lastObservation": "2024-02-26T08:05:37.464Z",
          "gpsCoordinate": { "lat": -62.641, "lng": -109.6567 },
          "confidence": 0.26
        }
      ]
    },
    {
      "resultName": "image_path.jpeg",
      "roadDamages": [
        {
          "type": "longitudinal cracks",
          "damageClass": "D10",
          "lastObservation": "2024-02-25T18:34:33.374Z",
          "gpsCoordinate": { "lat": -82.3546, "lng": -8.3756 },
          "confidence": 0.16
        }
      ]
    },
    {
      "resultName": "image_path.jpeg",
      "roadDamages": [
        {
          "type": "mesh cracks",
          "damageClass": "D20",
          "lastObservation": "2024-02-26T00:49:31.018Z",
          "gpsCoordinate": { "lat": 73.2317, "lng": 66.8036 },
          "confidence": 0.88
        },
        {
          "type": "pothole",
          "damageClass": "D10",
          "lastObservation": "2024-02-25T19:09:41.074Z",
          "gpsCoordinate": { "lat": -68.9478, "lng": 118.2127 },
          "confidence": 0.68
        }
      ]
    },
    {
      "resultName": "image_path.jpeg",
      "roadDamages": [
        {
          "type": "pothole",
          "damageClass": "D40",
          "lastObservation": "2024-02-26T01:10:36.798Z",
          "gpsCoordinate": { "lat": -81.4231, "lng": 147.5696 },
          "confidence": 0.35
        },
        {
          "type": "pothole",
          "damageClass": "D00",
          "lastObservation": "2024-02-25T16:40:38.692Z",
          "gpsCoordinate": { "lat": 21.5568, "lng": 112.4759 },
          "confidence": 0.4
        },
        {
          "type": "longitudinal cracks",
          "damageClass": "D20",
          "lastObservation": "2024-02-26T14:32:47.839Z",
          "gpsCoordinate": { "lat": -45.6529, "lng": 146.1997 },
          "confidence": 0.78
        },
        {
          "type": "transverse cracks",
          "damageClass": "D10",
          "lastObservation": "2024-02-25T20:44:28.092Z",
          "gpsCoordinate": { "lat": -67.4499, "lng": -94.4632 },
          "confidence": 0.66
        }
      ]
    },
    {
      "resultName": "image_path.jpeg",
      "roadDamages": [
        {
          "type": "mesh cracks",
          "damageClass": "D40",
          "lastObservation": "2024-02-25T21:05:57.252Z",
          "gpsCoordinate": { "lat": -58.9146, "lng": -19.9553 },
          "confidence": 0.59
        }
      ]
    },
    {
      "resultName": "image_path.jpeg",
      "roadDamages": [
        {
          "type": "mesh cracks",
          "damageClass": "D20",
          "lastObservation": "2024-02-26T00:54:21.645Z",
          "gpsCoordinate": { "lat": 74.9134, "lng": 55.7245 },
          "confidence": 0.72
        },
        {
          "type": "mesh cracks",
          "damageClass": "D20",
          "lastObservation": "2024-02-25T19:37:46.009Z",
          "gpsCoordinate": { "lat": 16.9282, "lng": 115.8045 },
          "confidence": 0.53
        }
      ]
    },
    {
      "resultName": "image_path.jpeg",
      "roadDamages": [
        {
          "type": "pothole",
          "damageClass": "D20",
          "lastObservation": "2024-02-26T06:48:34.424Z",
          "gpsCoordinate": { "lat": 55.4791, "lng": 59.525 },
          "confidence": 0.65
        },
        {
          "type": "pothole",
          "damageClass": "D40",
          "lastObservation": "2024-02-25T18:31:16.352Z",
          "gpsCoordinate": { "lat": -31.8829, "lng": 96.8684 },
          "confidence": 0.66
        }
      ]
    },
    {
      "resultName": "image_path.jpeg",
      "roadDamages": [
        {
          "type": "longitudinal cracks",
          "damageClass": "D00",
          "lastObservation": "2024-02-26T09:19:49.380Z",
          "gpsCoordinate": { "lat": -13.3801, "lng": -115.0359 },
          "confidence": 0.11
        }
      ]
    },
    {
      "resultName": "image_path.jpeg",
      "roadDamages": [
        {
          "type": "pothole",
          "damageClass": "D40",
          "lastObservation": "2024-02-26T03:24:48.596Z",
          "gpsCoordinate": { "lat": -54.0791, "lng": -152.0329 },
          "confidence": 0.68
        },
        {
          "type": "pothole",
          "damageClass": "D20",
          "lastObservation": "2024-02-26T06:58:47.350Z",
          "gpsCoordinate": { "lat": -39.3759, "lng": 45.1366 },
          "confidence": 0.94
        },
        {
          "type": "pothole",
          "damageClass": "D20",
          "lastObservation": "2024-02-26T13:50:53.390Z",
          "gpsCoordinate": { "lat": 49.7615, "lng": -147.2634 },
          "confidence": 0.97
        }
      ]
    },
    {
      "resultName": "image_path.jpeg",
      "roadDamages": [
        {
          "type": "longitudinal cracks",
          "damageClass": "D40",
          "lastObservation": "2024-02-26T05:33:42.701Z",
          "gpsCoordinate": { "lat": 86.6977, "lng": -90.9608 },
          "confidence": 0.71
        }
      ]
    },
    {
      "resultName": "image_path.jpeg",
      "roadDamages": [
        {
          "type": "mesh cracks",
          "damageClass": "D20",
          "lastObservation": "2024-02-25T20:33:22.463Z",
          "gpsCoordinate": { "lat": 85.338, "lng": -162.6632 },
          "confidence": 0.74
        },
        {
          "type": "pothole",
          "damageClass": "D00",
          "lastObservation": "2024-02-26T12:41:08.955Z",
          "gpsCoordinate": { "lat": 75.6128, "lng": -121.3139 },
          "confidence": 0.16
        }
      ]
    },
    {
      "resultName": "image_path.jpeg",
      "roadDamages": [
        {
          "type": "mesh cracks",
          "damageClass": "D00",
          "lastObservation": "2024-02-26T03:23:32.418Z",
          "gpsCoordinate": { "lat": 36.8236, "lng": -115.9852 },
          "confidence": 0.3
        },
        {
          "type": "mesh cracks",
          "damageClass": "D00",
          "lastObservation": "2024-02-25T18:38:41.280Z",
          "gpsCoordinate": { "lat": 57.1162, "lng": -15.8555 },
          "confidence": 0.74
        },
        {
          "type": "transverse cracks",
          "damageClass": "D20",
          "lastObservation": "2024-02-26T05:47:12.366Z",
          "gpsCoordinate": { "lat": 52.951, "lng": -130.191 },
          "confidence": 0.43
        },
        {
          "type": "mesh cracks",
          "damageClass": "D10",
          "lastObservation": "2024-02-26T04:12:23.082Z",
          "gpsCoordinate": { "lat": -67.4541, "lng": 41.5615 },
          "confidence": 0.21
        }
      ]
    }
  ]
}
