[
    {
      "type": "mesh cracks",
      "damageClass": "D20",
      "lastObservation": "2024-02-23T07:23:01.033Z",
      "gpsCoordinate": { "lat": "59.7507", "lng": "117.1783" },
      "confidence": 0.76
    },
    {
      "type": "mesh cracks",
      "damageClass": "D20",
      "lastObservation": "2024-02-23T12:24:59.684Z",
      "gpsCoordinate": { "lat": "-15.8317", "lng": "-27.1737" },
      "confidence": 0.57
    },
    {
      "type": "mesh cracks",
      "damageClass": "D10",
      "lastObservation": "2024-02-23T02:52:25.927Z",
      "gpsCoordinate": { "lat": "-6.7318", "lng": "-72.2586" },
      "confidence": 0.38
    },
    {
      "type": "longitudinal cracks",
      "damageClass": "D10",
      "lastObservation": "2024-02-23T11:05:35.910Z",
      "gpsCoordinate": { "lat": "63.0423", "lng": "129.3681" },
      "confidence": 0.69
    },
    {
      "type": "mesh cracks",
      "damageClass": "D20",
      "lastObservation": "2024-02-23T07:18:11.771Z",
      "gpsCoordinate": { "lat": "-0.3207", "lng": "71.7421" },
      "confidence": 0.55
    },
    {
      "type": "longitudinal cracks",
      "damageClass": "D00",
      "lastObservation": "2024-02-22T22:14:51.798Z",
      "gpsCoordinate": { "lat": "52.5278", "lng": "153.3182" },
      "confidence": 0.16
    },
    {
      "type": "mesh cracks",
      "damageClass": "D10",
      "lastObservation": "2024-02-23T06:47:11.393Z",
      "gpsCoordinate": { "lat": "89.4384", "lng": "44.5341" },
      "confidence": 0.61
    },
    {
      "type": "mesh cracks",
      "damageClass": "D00",
      "lastObservation": "2024-02-23T18:08:17.762Z",
      "gpsCoordinate": { "lat": "17.0158", "lng": "-113.0525" },
      "confidence": 0.72
    },
    {
      "type": "mesh cracks",
      "damageClass": "D00",
      "lastObservation": "2024-02-23T11:13:58.027Z",
      "gpsCoordinate": { "lat": "-62.6410", "lng": "-109.6567" },
      "confidence": 0.26
    },
    {
      "type": "longitudinal cracks",
      "damageClass": "D10",
      "lastObservation": "2024-02-22T21:42:53.937Z",
      "gpsCoordinate": { "lat": "-82.3546", "lng": "-8.3756" },
      "confidence": 0.16
    },
    {
      "type": "mesh cracks",
      "damageClass": "D20",
      "lastObservation": "2024-02-23T03:57:51.581Z",
      "gpsCoordinate": { "lat": "73.2317", "lng": "66.8036" },
      "confidence": 0.88
    },
    {
      "type": "pothole",
      "damageClass": "D40",
      "lastObservation": "2024-02-23T04:18:57.361Z",
      "gpsCoordinate": { "lat": "-81.4231", "lng": "147.5696" },
      "confidence": 0.35
    },
    {
      "type": "mesh cracks",
      "damageClass": "D40",
      "lastObservation": "2024-02-23T00:14:17.816Z",
      "gpsCoordinate": { "lat": "-58.9146", "lng": "-19.9553" },
      "confidence": 0.59
    },
    {
      "type": "mesh cracks",
      "damageClass": "D20",
      "lastObservation": "2024-02-23T04:02:42.208Z",
      "gpsCoordinate": { "lat": "74.9134", "lng": "55.7245" },
      "confidence": 0.72
    },
    {
      "type": "pothole",
      "damageClass": "D20",
      "lastObservation": "2024-02-23T09:56:54.987Z",
      "gpsCoordinate": { "lat": "55.4791", "lng": "59.5250" },
      "confidence": 0.65
    },
    {
      "type": "longitudinal cracks",
      "damageClass": "D00",
      "lastObservation": "2024-02-23T12:28:09.944Z",
      "gpsCoordinate": { "lat": "-13.3801", "lng": "-115.0359" },
      "confidence": 0.11
    },
    {
      "type": "pothole",
      "damageClass": "D40",
      "lastObservation": "2024-02-23T06:33:09.159Z",
      "gpsCoordinate": { "lat": "-54.0791", "lng": "-152.0329" },
      "confidence": 0.68
    },
    {
      "type": "longitudinal cracks",
      "damageClass": "D40",
      "lastObservation": "2024-02-23T08:42:03.264Z",
      "gpsCoordinate": { "lat": "86.6977", "lng": "-90.9608" },
      "confidence": 0.71
    },
    {
      "type": "mesh cracks",
      "damageClass": "D20",
      "lastObservation": "2024-02-22T23:41:43.026Z",
      "gpsCoordinate": { "lat": "85.3380", "lng": "-162.6632" },
      "confidence": 0.74
    },
    {
      "type": "mesh cracks",
      "damageClass": "D00",
      "lastObservation": "2024-02-23T06:31:52.982Z",
      "gpsCoordinate": { "lat": "36.8236", "lng": "-115.9852" },
      "confidence": 0.3
    }
  ]

