[
  {
    "resultName": "damage-4.jpg",
    "roadDamages": [
      {
        "type": "mesh cracks",
        "damageClass": "D20",
        "lastObservation": "2024-02-26T04:19:20.589Z",
        "gpsCoordinate": { "lat": 59.7507, "lng": 117.1783 },
        "confidence": 0.76
      },
      {
        "type": "longitudinal cracks",
        "damageClass": "D20",
        "lastObservation": "2024-02-25T20:38:35.366Z",
        "gpsCoordinate": { "lat": -55.2037, "lng": 23.6223 },
        "confidence": 0.98
      },
      {
        "type": "transverse cracks",
        "damageClass": "D20",
        "lastObservation": "2024-02-26T14:54:55.612Z",
        "gpsCoordinate": { "lat": 2.4779, "lng": 176.6259 },
        "confidence": 0.87
      },
      {
        "type": "longitudinal cracks",
        "damageClass": "D10",
        "lastObservation": "2024-02-25T21:33:40.727Z",
        "gpsCoordinate": { "lat": -40.6992, "lng": 88.8362 },
        "confidence": 0.68
      }
    ]
  },
  {
    "resultName": "damage-6.jpg",
    "roadDamages": [
      {
        "type": "mesh cracks",
        "damageClass": "D20",
        "lastObservation": "2024-02-26T09:21:19.240Z",
        "gpsCoordinate": { "lat": -15.8317, "lng": -27.1737 },
        "confidence": 0.57
      }
    ]
  },
  {
    "resultName": "damage-9.jpg",
    "roadDamages": [
      {
        "type": "mesh cracks",
        "damageClass": "D10",
        "lastObservation": "2024-02-25T23:48:45.483Z",
        "gpsCoordinate": { "lat": -6.7318, "lng": -72.2586 },
        "confidence": 0.38
      },
      {
        "type": "mesh cracks",
        "damageClass": "D20",
        "lastObservation": "2024-02-26T02:08:47.571Z",
        "gpsCoordinate": { "lat": -58.9848, "lng": 111.2464 },
        "confidence": 0.58
      }
    ]
  },
  {
    "resultName": "damage-1.jpg",
    "roadDamages": [
      {
        "type": "longitudinal cracks",
        "damageClass": "D10",
        "lastObservation": "2024-02-26T08:01:55.466Z",
        "gpsCoordinate": { "lat": 63.0423, "lng": 129.3681 },
        "confidence": 0.69
      },
      {
        "type": "longitudinal cracks",
        "damageClass": "D40",
        "lastObservation": "2024-02-26T03:10:51.312Z",
        "gpsCoordinate": { "lat": 42.1956, "lng": -157.0718 },
        "confidence": 0.41
      }
    ]
  },
  {
    "resultName": "damage-8.jpg",
    "roadDamages": [
      {
        "type": "mesh cracks",
        "damageClass": "D20",
        "lastObservation": "2024-02-26T04:14:31.327Z",
        "gpsCoordinate": { "lat": -0.3207, "lng": 71.7421 },
        "confidence": 0.55
      },
      {
        "type": "longitudinal cracks",
        "damageClass": "D10",
        "lastObservation": "2024-02-25T21:26:14.855Z",
        "gpsCoordinate": { "lat": -74.0568, "lng": 74.8417 },
        "confidence": 0.41
      },
      {
        "type": "transverse cracks",
        "damageClass": "D40",
        "lastObservation": "2024-02-25T16:42:21.829Z",
        "gpsCoordinate": { "lat": -65.2086, "lng": -146.5314 },
        "confidence": 0.36
      },
      {
        "type": "transverse cracks",
        "damageClass": "D20",
        "lastObservation": "2024-02-26T14:34:14.230Z",
        "gpsCoordinate": { "lat": -88.8077, "lng": -72.261 },
        "confidence": 0.85
      }
    ]
  },
  {
    "resultName": "damage-10.jpg",
    "roadDamages": [
      {
        "type": "longitudinal cracks",
        "damageClass": "D00",
        "lastObservation": "2024-02-25T19:11:11.354Z",
        "gpsCoordinate": { "lat": 52.5278, "lng": 153.3182 },
        "confidence": 0.16
      },
      {
        "type": "transverse cracks",
        "damageClass": "D00",
        "lastObservation": "2024-02-25T21:39:52.252Z",
        "gpsCoordinate": { "lat": -88.3059, "lng": -49.7439 },
        "confidence": 0.44
      },
      {
        "type": "longitudinal cracks",
        "damageClass": "D00",
        "lastObservation": "2024-02-26T03:30:56.230Z",
        "gpsCoordinate": { "lat": 16.4652, "lng": 79.5821 },
        "confidence": 0.7
      },
      {
        "type": "longitudinal cracks",
        "damageClass": "D20",
        "lastObservation": "2024-02-26T07:42:20.130Z",
        "gpsCoordinate": { "lat": -35.45, "lng": -57.3853 },
        "confidence": 0.27
      },
      {
        "type": "mesh cracks",
        "damageClass": "D40",
        "lastObservation": "2024-02-26T14:13:46.450Z",
        "gpsCoordinate": { "lat": -24.996, "lng": -149.9733 },
        "confidence": 0.77
      }
    ]
  },
  {
    "resultName": "damage-4.jpg",
    "roadDamages": [
      {
        "type": "mesh cracks",
        "damageClass": "D10",
        "lastObservation": "2024-02-26T03:43:30.951Z",
        "gpsCoordinate": { "lat": 89.4384, "lng": 44.5341 },
        "confidence": 0.61
      },
      {
        "type": "transverse cracks",
        "damageClass": "D20",
        "lastObservation": "2024-02-26T04:59:24.091Z",
        "gpsCoordinate": { "lat": 6.0611, "lng": 162.3114 },
        "confidence": 0.97
      },
      {
        "type": "pothole",
        "damageClass": "D40",
        "lastObservation": "2024-02-25T19:31:48.825Z",
        "gpsCoordinate": { "lat": 65.104, "lng": 32.7925 },
        "confidence": 0.24
      }
    ]
  },
  {
    "resultName": "damage-1.jpg",
    "roadDamages": [
      {
        "type": "mesh cracks",
        "damageClass": "D00",
        "lastObservation": "2024-02-26T15:04:37.320Z",
        "gpsCoordinate": { "lat": 17.0158, "lng": -113.0525 },
        "confidence": 0.72
      },
      {
        "type": "pothole",
        "damageClass": "D40",
        "lastObservation": "2024-02-26T02:47:04.969Z",
        "gpsCoordinate": { "lat": -86.7955, "lng": -148.9404 },
        "confidence": 0.44
      },
      {
        "type": "transverse cracks",
        "damageClass": "D10",
        "lastObservation": "2024-02-25T22:51:47.349Z",
        "gpsCoordinate": { "lat": -21.1105, "lng": 61.3992 },
        "confidence": 0.73
      },
      {
        "type": "transverse cracks",
        "damageClass": "D20",
        "lastObservation": "2024-02-25T18:17:18.684Z",
        "gpsCoordinate": { "lat": 47.089, "lng": -142.2294 },
        "confidence": 0.14
      }
    ]
  },
  {
    "resultName": "damage-7.jpg",
    "roadDamages": [
      {
        "type": "mesh cracks",
        "damageClass": "D00",
        "lastObservation": "2024-02-26T08:10:17.585Z",
        "gpsCoordinate": { "lat": -62.641, "lng": -109.6567 },
        "confidence": 0.26
      },
      {
        "type": "pothole",
        "damageClass": "D10",
        "lastObservation": "2024-02-25T21:15:54.634Z",
        "gpsCoordinate": { "lat": -88.686, "lng": -123.2849 },
        "confidence": 0.36
      }
    ]
  },
  {
    "resultName": "damage-3.jpg",
    "roadDamages": [
      {
        "type": "longitudinal cracks",
        "damageClass": "D10",
        "lastObservation": "2024-02-25T18:39:13.494Z",
        "gpsCoordinate": { "lat": -82.3546, "lng": -8.3756 },
        "confidence": 0.16
      },
      {
        "type": "longitudinal cracks",
        "damageClass": "D40",
        "lastObservation": "2024-02-25T22:58:11.187Z",
        "gpsCoordinate": { "lat": 22.9583, "lng": 2.8708 },
        "confidence": 0.39
      },
      {
        "type": "transverse cracks",
        "damageClass": "D10",
        "lastObservation": "2024-02-25T20:39:33.586Z",
        "gpsCoordinate": { "lat": 11.554, "lng": 64.7846 },
        "confidence": 0.49
      }
    ]
  },
  {
    "resultName": "damage-7.jpg",
    "roadDamages": [
      {
        "type": "mesh cracks",
        "damageClass": "D20",
        "lastObservation": "2024-02-26T00:54:11.139Z",
        "gpsCoordinate": { "lat": 73.2317, "lng": 66.8036 },
        "confidence": 0.88
      },
      {
        "type": "pothole",
        "damageClass": "D10",
        "lastObservation": "2024-02-25T19:14:21.195Z",
        "gpsCoordinate": { "lat": -68.9478, "lng": 118.2127 },
        "confidence": 0.68
      }
    ]
  },
  {
    "resultName": "damage-10.jpg",
    "roadDamages": [
      {
        "type": "pothole",
        "damageClass": "D40",
        "lastObservation": "2024-02-26T01:15:16.919Z",
        "gpsCoordinate": { "lat": -81.4231, "lng": 147.5696 },
        "confidence": 0.35
      },
      {
        "type": "pothole",
        "damageClass": "D00",
        "lastObservation": "2024-02-25T16:45:18.813Z",
        "gpsCoordinate": { "lat": 21.5568, "lng": 112.4759 },
        "confidence": 0.4
      }
    ]
  },
  {
    "resultName": "damage-7.jpg",
    "roadDamages": [
      {
        "type": "mesh cracks",
        "damageClass": "D40",
        "lastObservation": "2024-02-25T21:10:37.373Z",
        "gpsCoordinate": { "lat": -58.9146, "lng": -19.9553 },
        "confidence": 0.59
      },
      {
        "type": "longitudinal cracks",
        "damageClass": "D20",
        "lastObservation": "2024-02-26T09:16:36.111Z",
        "gpsCoordinate": { "lat": 16.0362, "lng": 45.8041 },
        "confidence": 0.6
      },
      {
        "type": "mesh cracks",
        "damageClass": "D00",
        "lastObservation": "2024-02-26T09:32:52.860Z",
        "gpsCoordinate": { "lat": 77.9663, "lng": 70.1605 },
        "confidence": 0.14
      },
      {
        "type": "transverse cracks",
        "damageClass": "D20",
        "lastObservation": "2024-02-25T22:05:59.169Z",
        "gpsCoordinate": { "lat": 47.5844, "lng": 16.1927 },
        "confidence": 0.72
      }
    ]
  },
  {
    "resultName": "damage-1.jpg",
    "roadDamages": [
      {
        "type": "mesh cracks",
        "damageClass": "D20",
        "lastObservation": "2024-02-26T00:59:01.766Z",
        "gpsCoordinate": { "lat": 74.9134, "lng": 55.7245 },
        "confidence": 0.72
      },
      {
        "type": "mesh cracks",
        "damageClass": "D20",
        "lastObservation": "2024-02-25T19:42:26.130Z",
        "gpsCoordinate": { "lat": 16.9282, "lng": 115.8045 },
        "confidence": 0.53
      },
      {
        "type": "transverse cracks",
        "damageClass": "D00",
        "lastObservation": "2024-02-25T17:44:39.666Z",
        "gpsCoordinate": { "lat": 74.277, "lng": 3.7905 },
        "confidence": 0.73
      }
    ]
  },
  {
    "resultName": "damage-1.jpg",
    "roadDamages": [
      {
        "type": "pothole",
        "damageClass": "D20",
        "lastObservation": "2024-02-26T06:53:14.545Z",
        "gpsCoordinate": { "lat": 55.4791, "lng": 59.525 },
        "confidence": 0.65
      },
      {
        "type": "pothole",
        "damageClass": "D40",
        "lastObservation": "2024-02-25T18:35:56.473Z",
        "gpsCoordinate": { "lat": -31.8829, "lng": 96.8684 },
        "confidence": 0.66
      },
      {
        "type": "transverse cracks",
        "damageClass": "D00",
        "lastObservation": "2024-02-26T01:25:41.961Z",
        "gpsCoordinate": { "lat": -16.404, "lng": -85.5784 },
        "confidence": 0.18
      },
      {
        "type": "transverse cracks",
        "damageClass": "D10",
        "lastObservation": "2024-02-26T09:54:47.151Z",
        "gpsCoordinate": { "lat": -88.279, "lng": -94.0298 },
        "confidence": 0.68
      }
    ]
  },
  {
    "resultName": "damage-2.jpg",
    "roadDamages": [
      {
        "type": "longitudinal cracks",
        "damageClass": "D00",
        "lastObservation": "2024-02-26T09:24:29.501Z",
        "gpsCoordinate": { "lat": -13.3801, "lng": -115.0359 },
        "confidence": 0.11
      }
    ]
  },
  {
    "resultName": "damage-2.jpg",
    "roadDamages": [
      {
        "type": "pothole",
        "damageClass": "D40",
        "lastObservation": "2024-02-26T03:29:28.716Z",
        "gpsCoordinate": { "lat": -54.0791, "lng": -152.0329 },
        "confidence": 0.68
      },
      {
        "type": "pothole",
        "damageClass": "D20",
        "lastObservation": "2024-02-26T07:03:27.470Z",
        "gpsCoordinate": { "lat": -39.3759, "lng": 45.1366 },
        "confidence": 0.94
      },
      {
        "type": "pothole",
        "damageClass": "D20",
        "lastObservation": "2024-02-26T13:55:33.510Z",
        "gpsCoordinate": { "lat": 49.7615, "lng": -147.2634 },
        "confidence": 0.97
      }
    ]
  },
  {
    "resultName": "damage-9.jpg",
    "roadDamages": [
      {
        "type": "longitudinal cracks",
        "damageClass": "D40",
        "lastObservation": "2024-02-26T05:38:22.822Z",
        "gpsCoordinate": { "lat": 86.6977, "lng": -90.9608 },
        "confidence": 0.71
      },
      {
        "type": "mesh cracks",
        "damageClass": "D20",
        "lastObservation": "2024-02-25T21:59:18.798Z",
        "gpsCoordinate": { "lat": -21.5978, "lng": -54.6784 },
        "confidence": 0.11
      },
      {
        "type": "transverse cracks",
        "damageClass": "D40",
        "lastObservation": "2024-02-25T18:30:34.038Z",
        "gpsCoordinate": { "lat": 16.914, "lng": 74.8984 },
        "confidence": 0.89
      },
      {
        "type": "pothole",
        "damageClass": "D10",
        "lastObservation": "2024-02-26T05:12:58.912Z",
        "gpsCoordinate": { "lat": 16.7217, "lng": -132.844 },
        "confidence": 0.91
      }
    ]
  },
  {
    "resultName": "damage-10.jpg",
    "roadDamages": [
      {
        "type": "mesh cracks",
        "damageClass": "D20",
        "lastObservation": "2024-02-25T20:38:02.584Z",
        "gpsCoordinate": { "lat": 85.338, "lng": -162.6632 },
        "confidence": 0.74
      },
      {
        "type": "pothole",
        "damageClass": "D00",
        "lastObservation": "2024-02-26T12:45:49.076Z",
        "gpsCoordinate": { "lat": 75.6128, "lng": -121.3139 },
        "confidence": 0.16
      },
      {
        "type": "longitudinal cracks",
        "damageClass": "D10",
        "lastObservation": "2024-02-26T08:41:14.041Z",
        "gpsCoordinate": { "lat": -77.9713, "lng": -46.316 },
        "confidence": 0.62
      }
    ]
  },
  {
    "resultName": "damage-3.jpg",
    "roadDamages": [
      {
        "type": "mesh cracks",
        "damageClass": "D00",
        "lastObservation": "2024-02-26T03:28:12.539Z",
        "gpsCoordinate": { "lat": 36.8236, "lng": -115.9852 },
        "confidence": 0.3
      },
      {
        "type": "mesh cracks",
        "damageClass": "D00",
        "lastObservation": "2024-02-25T18:43:21.401Z",
        "gpsCoordinate": { "lat": 57.1162, "lng": -15.8555 },
        "confidence": 0.74
      },
      {
        "type": "transverse cracks",
        "damageClass": "D20",
        "lastObservation": "2024-02-26T05:51:52.487Z",
        "gpsCoordinate": { "lat": 52.951, "lng": -130.191 },
        "confidence": 0.43
      }
    ]
  }
]
