time,source,device_name,fragment.series,value,unit
2022-03-30T15:57:16.680+02:00,149212009,IGH-Validierungsplattform (nsu=SinumerikVarProvider;s=Sinumerik),c8y_Percentage.FeedOverride,5.999999865889549,%
2022-03-30T15:57:16.980+02:00,149212009,IGH-Validierungsplattform (nsu=SinumerikVarProvider;s=Sinumerik),c8y_Percentage.FeedOverride,0.0,%
2022-03-30T15:57:21.145+02:00,149212009,IGH-Validierungsplattform (nsu=SinumerikVarProvider;s=Sinumerik),c8y_Percentage.FeedOverride,3.999999910593033,%
2022-03-30T15:57:21.651+02:00,149212009,IGH-Validierungsplattform (nsu=SinumerikVarProvider;s=Sinumerik),c8y_Percentage.FeedOverride,20.000000298023224,%
2022-03-30T15:57:22.051+02:00,149212009,IGH-Validierungsplattform (nsu=SinumerikVarProvider;s=Sinumerik),c8y_Percentage.FeedOverride,75.0,%
2022-03-30T15:57:22.750+02:00,149212009,IGH-Validierungsplattform (nsu=SinumerikVarProvider;s=Sinumerik),c8y_Percentage.FeedOverride,80.0000011920929,%
2022-03-30T15:57:24.349+02:00,149212009,IGH-Validierungsplattform (nsu=SinumerikVarProvider;s=Sinumerik),c8y_Percentage.FeedOverride,60.00000238418579,%
2022-03-30T15:57:24.848+02:00,149212009,IGH-Validierungsplattform (nsu=SinumerikVarProvider;s=Sinumerik),c8y_Percentage.FeedOverride,10.000000149011612,%
2022-03-30T15:57:25.653+02:00,149212009,IGH-Validierungsplattform (nsu=SinumerikVarProvider;s=Sinumerik),c8y_Percentage.FeedOverride,7.999999821186066,%
2022-03-30T15:57:25.847+02:00,149212009,IGH-Validierungsplattform (nsu=SinumerikVarProvider;s=Sinumerik),c8y_Percentage.FeedOverride,5.999999865889549,%
2022-03-30T15:57:26.749+02:00,149212009,IGH-Validierungsplattform (nsu=SinumerikVarProvider;s=Sinumerik),c8y_Percentage.FeedOverride,5.999999865889549,%
2022-03-30T15:57:26.849+02:00,149212009,IGH-Validierungsplattform (nsu=SinumerikVarProvider;s=Sinumerik),c8y_Percentage.FeedOverride,7.999999821186066,%
2022-03-30T15:57:27.548+02:00,149212009,IGH-Validierungsplattform (nsu=SinumerikVarProvider;s=Sinumerik),c8y_Percentage.FeedOverride,1.9999999552965164,%
2022-03-30T15:57:28.847+02:00,149212009,IGH-Validierungsplattform (nsu=SinumerikVarProvider;s=Sinumerik),c8y_Percentage.FeedOverride,30.000001192092896,%
2022-03-30T15:57:29.447+02:00,149212009,IGH-Validierungsplattform (nsu=SinumerikVarProvider;s=Sinumerik),c8y_Percentage.FeedOverride,20.000000298023224,%
2022-03-30T15:57:30.048+02:00,149212009,IGH-Validierungsplattform (nsu=SinumerikVarProvider;s=Sinumerik),c8y_Percentage.FeedOverride,89.99999761581421,%
2022-03-30T15:57:31.485+02:00,149212009,IGH-Validierungsplattform (nsu=SinumerikVarProvider;s=Sinumerik),c8y_Percentage.FeedOverride,85.00000238418579,%
2022-03-30T15:57:35.760+02:00,149212009,IGH-Validierungsplattform (nsu=SinumerikVarProvider;s=Sinumerik),c8y_Percentage.FeedOverride,94.9999988079071,%
2022-03-30T15:57:38.660+02:00,149212009,IGH-Validierungsplattform (nsu=SinumerikVarProvider;s=Sinumerik),c8y_Percentage.FeedOverride,100.0,%
2022-03-30T15:58:37.528+02:00,149212009,IGH-Validierungsplattform (nsu=SinumerikVarProvider;s=Sinumerik),c8y_Percentage.FeedOverride,50.0,%
2022-03-30T15:58:38.128+02:00,149212009,IGH-Validierungsplattform (nsu=SinumerikVarProvider;s=Sinumerik),c8y_Percentage.FeedOverride,50.0,%
2022-03-30T15:58:39.230+02:00,149212009,IGH-Validierungsplattform (nsu=SinumerikVarProvider;s=Sinumerik),c8y_Percentage.FeedOverride,20.000000298023224,%
2022-03-30T15:58:39.830+02:00,149212009,IGH-Validierungsplattform (nsu=SinumerikVarProvider;s=Sinumerik),c8y_Percentage.FeedOverride,20.000000298023224,%
2022-03-30T15:58:40.431+02:00,149212009,IGH-Validierungsplattform (nsu=SinumerikVarProvider;s=Sinumerik),c8y_Percentage.FeedOverride,50.0,%
2022-03-30T15:58:40.934+02:00,149212009,IGH-Validierungsplattform (nsu=SinumerikVarProvider;s=Sinumerik),c8y_Percentage.FeedOverride,69.9999988079071,%
2022-03-30T15:58:41.934+02:00,149212009,IGH-Validierungsplattform (nsu=SinumerikVarProvider;s=Sinumerik),c8y_Percentage.FeedOverride,100.0,%
2022-03-30T15:59:48.526+02:00,149212009,IGH-Validierungsplattform (nsu=SinumerikVarProvider;s=Sinumerik),c8y_Percentage.FeedOverride,0.9999999776482582,%
2022-03-30T15:59:48.626+02:00,149212009,IGH-Validierungsplattform (nsu=SinumerikVarProvider;s=Sinumerik),c8y_Percentage.FeedOverride,0.0,%
2022-03-30T15:59:57.018+02:00,149212009,IGH-Validierungsplattform (nsu=SinumerikVarProvider;s=Sinumerik),c8y_Percentage.FeedOverride,3.999999910593033,%
2022-03-30T15:59:57.620+02:00,149212009,IGH-Validierungsplattform (nsu=SinumerikVarProvider;s=Sinumerik),c8y_Percentage.FeedOverride,40.00000059604645,%
2022-03-30T15:59:57.720+02:00,149212009,IGH-Validierungsplattform (nsu=SinumerikVarProvider;s=Sinumerik),c8y_Percentage.FeedOverride,50.0,%
2022-03-30T15:59:59.220+02:00,149212009,IGH-Validierungsplattform (nsu=SinumerikVarProvider;s=Sinumerik),c8y_Percentage.FeedOverride,80.0000011920929,%
2022-03-30T15:59:59.920+02:00,149212009,IGH-Validierungsplattform (nsu=SinumerikVarProvider;s=Sinumerik),c8y_Percentage.FeedOverride,75.0,%