time,source,device_name,fragment.series,value,unit
2022-03-30T15:57:23.749+02:00,149212009,IGH-Validierungsplattform (nsu=SinumerikVarProvider;s=Sinumerik),c8y_SpindleSpeed.SpindleSpeedCommand,6500.0,rpm
2022-03-30T15:57:24.550+02:00,149212009,IGH-Validierungsplattform (nsu=SinumerikVarProvider;s=Sinumerik),c8y_SpindleSpeed.SpindleSpeedActual,6505.7373046875,rpm
2022-03-30T15:57:24.948+02:00,149212009,IGH-Validierungsplattform (nsu=SinumerikVarProvider;s=Sinumerik),c8y_SpindleSpeed.SpindleSpeedActual,6496.58203125,rpm
2022-03-30T15:57:25.653+02:00,149212009,IGH-Validierungsplattform (nsu=SinumerikVarProvider;s=Sinumerik),c8y_SpindleSpeed.SpindleSpeedActual,6502.99072265625,rpm
2022-03-30T15:57:26.247+02:00,149212009,IGH-Validierungsplattform (nsu=SinumerikVarProvider;s=Sinumerik),c8y_SpindleSpeed.SpindleSpeedActual,6498.4130859375,rpm
2022-03-30T15:57:26.749+02:00,149212009,IGH-Validierungsplattform (nsu=SinumerikVarProvider;s=Sinumerik),c8y_SpindleSpeed.SpindleSpeedActual,6492.919921875,rpm
2022-03-30T15:57:27.248+02:00,149212009,IGH-Validierungsplattform (nsu=SinumerikVarProvider;s=Sinumerik),c8y_SpindleSpeed.SpindleSpeedActual,6494.7509765625,rpm
2022-03-30T15:57:27.748+02:00,149212009,IGH-Validierungsplattform (nsu=SinumerikVarProvider;s=Sinumerik),c8y_SpindleSpeed.SpindleSpeedActual,6497.49755859375,rpm
2022-03-30T15:57:29.050+02:00,149212009,IGH-Validierungsplattform (nsu=SinumerikVarProvider;s=Sinumerik),c8y_SpindleSpeed.SpindleSpeedActual,6505.7373046875,rpm
2022-03-30T15:57:29.548+02:00,149212009,IGH-Validierungsplattform (nsu=SinumerikVarProvider;s=Sinumerik),c8y_SpindleSpeed.SpindleSpeedActual,6505.7373046875,rpm
2022-03-30T15:57:30.048+02:00,149212009,IGH-Validierungsplattform (nsu=SinumerikVarProvider;s=Sinumerik),c8y_SpindleSpeed.SpindleSpeedActual,6494.7509765625,rpm
2022-03-30T15:57:30.549+02:00,149212009,IGH-Validierungsplattform (nsu=SinumerikVarProvider;s=Sinumerik),c8y_SpindleSpeed.SpindleSpeedActual,6499.32861328125,rpm
2022-03-30T15:57:31.049+02:00,149212009,IGH-Validierungsplattform (nsu=SinumerikVarProvider;s=Sinumerik),c8y_SpindleSpeed.SpindleSpeedActual,6502.0751953125,rpm
2022-03-30T15:57:31.554+02:00,149212009,IGH-Validierungsplattform (nsu=SinumerikVarProvider;s=Sinumerik),c8y_SpindleSpeed.SpindleSpeedActual,6493.83544921875,rpm
2022-03-30T15:57:32.757+02:00,149212009,IGH-Validierungsplattform (nsu=SinumerikVarProvider;s=Sinumerik),c8y_SpindleSpeed.SpindleSpeedActual,6499.32861328125,rpm
2022-03-30T15:57:33.458+02:00,149212009,IGH-Validierungsplattform (nsu=SinumerikVarProvider;s=Sinumerik),c8y_SpindleSpeed.SpindleSpeedActual,6506.65283203125,rpm
2022-03-30T15:57:33.959+02:00,149212009,IGH-Validierungsplattform (nsu=SinumerikVarProvider;s=Sinumerik),c8y_SpindleSpeed.SpindleSpeedActual,6495.66650390625,rpm
2022-03-30T15:57:34.459+02:00,149212009,IGH-Validierungsplattform (nsu=SinumerikVarProvider;s=Sinumerik),c8y_SpindleSpeed.SpindleSpeedActual,6502.0751953125,rpm
2022-03-30T15:57:34.959+02:00,149212009,IGH-Validierungsplattform (nsu=SinumerikVarProvider;s=Sinumerik),c8y_SpindleSpeed.SpindleSpeedActual,6505.7373046875,rpm
2022-03-30T15:57:35.460+02:00,149212009,IGH-Validierungsplattform (nsu=SinumerikVarProvider;s=Sinumerik),c8y_SpindleSpeed.SpindleSpeedActual,6496.58203125,rpm
2022-03-30T15:57:36.661+02:00,149212009,IGH-Validierungsplattform (nsu=SinumerikVarProvider;s=Sinumerik),c8y_SpindleSpeed.SpindleSpeedActual,6501.15966796875,rpm
2022-03-30T15:57:37.461+02:00,149212009,IGH-Validierungsplattform (nsu=SinumerikVarProvider;s=Sinumerik),c8y_SpindleSpeed.SpindleSpeedActual,6502.0751953125,rpm
2022-03-30T15:57:37.961+02:00,149212009,IGH-Validierungsplattform (nsu=SinumerikVarProvider;s=Sinumerik),c8y_SpindleSpeed.SpindleSpeedActual,6504.82177734375,rpm
2022-03-30T15:57:38.460+02:00,149212009,IGH-Validierungsplattform (nsu=SinumerikVarProvider;s=Sinumerik),c8y_SpindleSpeed.SpindleSpeedActual,6496.58203125,rpm
2022-03-30T15:57:38.967+02:00,149212009,IGH-Validierungsplattform (nsu=SinumerikVarProvider;s=Sinumerik),c8y_SpindleSpeed.SpindleSpeedActual,6499.32861328125,rpm
2022-03-30T15:57:39.695+02:00,149212009,IGH-Validierungsplattform (nsu=SinumerikVarProvider;s=Sinumerik),c8y_SpindleSpeed.SpindleSpeedActual,6500.244140625,rpm
2022-03-30T15:57:40.059+02:00,149212009,IGH-Validierungsplattform (nsu=SinumerikVarProvider;s=Sinumerik),c8y_SpindleSpeed.SpindleSpeedActual,6503.90625,rpm
2022-03-30T15:57:41.362+02:00,149212009,IGH-Validierungsplattform (nsu=SinumerikVarProvider;s=Sinumerik),c8y_SpindleSpeed.SpindleSpeedActual,6499.32861328125,rpm
2022-03-30T15:57:41.962+02:00,149212009,IGH-Validierungsplattform (nsu=SinumerikVarProvider;s=Sinumerik),c8y_SpindleSpeed.SpindleSpeedActual,6500.244140625,rpm
2022-03-30T15:57:42.561+02:00,149212009,IGH-Validierungsplattform (nsu=SinumerikVarProvider;s=Sinumerik),c8y_SpindleSpeed.SpindleSpeedActual,6500.244140625,rpm
2022-03-30T15:57:43.061+02:00,149212009,IGH-Validierungsplattform (nsu=SinumerikVarProvider;s=Sinumerik),c8y_SpindleSpeed.SpindleSpeedActual,6502.0751953125,rpm
2022-03-30T15:57:43.461+02:00,149212009,IGH-Validierungsplattform (nsu=SinumerikVarProvider;s=Sinumerik),c8y_SpindleSpeed.SpindleSpeedActual,6499.32861328125,rpm
2022-03-30T15:57:44.062+02:00,149212009,IGH-Validierungsplattform (nsu=SinumerikVarProvider;s=Sinumerik),c8y_SpindleSpeed.SpindleSpeedActual,6504.82177734375,rpm
2022-03-30T15:57:44.562+02:00,149212009,IGH-Validierungsplattform (nsu=SinumerikVarProvider;s=Sinumerik),c8y_SpindleSpeed.SpindleSpeedActual,6504.82177734375,rpm
2022-03-30T15:57:45.460+02:00,149212009,IGH-Validierungsplattform (nsu=SinumerikVarProvider;s=Sinumerik),c8y_SpindleSpeed.SpindleSpeedActual,6507.568359375,rpm
2022-03-30T15:57:46.160+02:00,149212009,IGH-Validierungsplattform (nsu=SinumerikVarProvider;s=Sinumerik),c8y_SpindleSpeed.SpindleSpeedActual,6501.15966796875,rpm
2022-03-30T15:57:46.661+02:00,149212009,IGH-Validierungsplattform (nsu=SinumerikVarProvider;s=Sinumerik),c8y_SpindleSpeed.SpindleSpeedActual,6504.82177734375,rpm
2022-03-30T15:57:47.158+02:00,149212009,IGH-Validierungsplattform (nsu=SinumerikVarProvider;s=Sinumerik),c8y_SpindleSpeed.SpindleSpeedActual,6497.49755859375,rpm
2022-03-30T15:57:47.658+02:00,149212009,IGH-Validierungsplattform (nsu=SinumerikVarProvider;s=Sinumerik),c8y_SpindleSpeed.SpindleSpeedActual,6498.4130859375,rpm
2022-03-30T15:57:48.257+02:00,149212009,IGH-Validierungsplattform (nsu=SinumerikVarProvider;s=Sinumerik),c8y_SpindleSpeed.SpindleSpeedActual,6496.58203125,rpm
2022-03-30T15:57:49.356+02:00,149212009,IGH-Validierungsplattform (nsu=SinumerikVarProvider;s=Sinumerik),c8y_SpindleSpeed.SpindleSpeedActual,6498.4130859375,rpm
2022-03-30T15:57:50.156+02:00,149212009,IGH-Validierungsplattform (nsu=SinumerikVarProvider;s=Sinumerik),c8y_SpindleSpeed.SpindleSpeedActual,6496.58203125,rpm
2022-03-30T15:57:50.962+02:00,149212009,IGH-Validierungsplattform (nsu=SinumerikVarProvider;s=Sinumerik),c8y_SpindleSpeed.SpindleSpeedActual,6505.7373046875,rpm
2022-03-30T15:57:51.458+02:00,149212009,IGH-Validierungsplattform (nsu=SinumerikVarProvider;s=Sinumerik),c8y_SpindleSpeed.SpindleSpeedActual,6504.82177734375,rpm
2022-03-30T15:57:51.960+02:00,149212009,IGH-Validierungsplattform (nsu=SinumerikVarProvider;s=Sinumerik),c8y_SpindleSpeed.SpindleSpeedActual,6498.4130859375,rpm
2022-03-30T15:57:52.361+02:00,149212009,IGH-Validierungsplattform (nsu=SinumerikVarProvider;s=Sinumerik),c8y_SpindleSpeed.SpindleSpeedActual,6501.15966796875,rpm
2022-03-30T15:57:53.563+02:00,149212009,IGH-Validierungsplattform (nsu=SinumerikVarProvider;s=Sinumerik),c8y_SpindleSpeed.SpindleSpeedActual,6497.49755859375,rpm
2022-03-30T15:57:54.166+02:00,149212009,IGH-Validierungsplattform (nsu=SinumerikVarProvider;s=Sinumerik),c8y_SpindleSpeed.SpindleSpeedActual,6501.15966796875,rpm
2022-03-30T15:57:54.664+02:00,149212009,IGH-Validierungsplattform (nsu=SinumerikVarProvider;s=Sinumerik),c8y_SpindleSpeed.SpindleSpeedActual,6502.99072265625,rpm
2022-03-30T15:57:55.164+02:00,149212009,IGH-Validierungsplattform (nsu=SinumerikVarProvider;s=Sinumerik),c8y_SpindleSpeed.SpindleSpeedActual,6502.99072265625,rpm
2022-03-30T15:57:55.667+02:00,149212009,IGH-Validierungsplattform (nsu=SinumerikVarProvider;s=Sinumerik),c8y_SpindleSpeed.SpindleSpeedActual,6500.244140625,rpm
2022-03-30T15:57:56.168+02:00,149212009,IGH-Validierungsplattform (nsu=SinumerikVarProvider;s=Sinumerik),c8y_SpindleSpeed.SpindleSpeedActual,6502.0751953125,rpm
2022-03-30T15:57:56.667+02:00,149212009,IGH-Validierungsplattform (nsu=SinumerikVarProvider;s=Sinumerik),c8y_SpindleSpeed.SpindleSpeedActual,6505.7373046875,rpm
2022-03-30T15:57:58.070+02:00,149212009,IGH-Validierungsplattform (nsu=SinumerikVarProvider;s=Sinumerik),c8y_SpindleSpeed.SpindleSpeedActual,6501.15966796875,rpm
2022-03-30T15:57:58.871+02:00,149212009,IGH-Validierungsplattform (nsu=SinumerikVarProvider;s=Sinumerik),c8y_SpindleSpeed.SpindleSpeedActual,6496.58203125,rpm
2022-03-30T15:57:59.372+02:00,149212009,IGH-Validierungsplattform (nsu=SinumerikVarProvider;s=Sinumerik),c8y_SpindleSpeed.SpindleSpeedActual,6502.0751953125,rpm
2022-03-30T15:57:59.870+02:00,149212009,IGH-Validierungsplattform (nsu=SinumerikVarProvider;s=Sinumerik),c8y_SpindleSpeed.SpindleSpeedActual,6496.58203125,rpm
2022-03-30T15:58:00.414+02:00,149212009,IGH-Validierungsplattform (nsu=SinumerikVarProvider;s=Sinumerik),c8y_SpindleSpeed.SpindleSpeedActual,6493.83544921875,rpm
2022-03-30T15:58:00.873+02:00,149212009,IGH-Validierungsplattform (nsu=SinumerikVarProvider;s=Sinumerik),c8y_SpindleSpeed.SpindleSpeedActual,6500.244140625,rpm
2022-03-30T15:58:02.273+02:00,149212009,IGH-Validierungsplattform (nsu=SinumerikVarProvider;s=Sinumerik),c8y_SpindleSpeed.SpindleSpeedActual,6495.66650390625,rpm
2022-03-30T15:58:02.972+02:00,149212009,IGH-Validierungsplattform (nsu=SinumerikVarProvider;s=Sinumerik),c8y_SpindleSpeed.SpindleSpeedActual,6501.15966796875,rpm
2022-03-30T15:58:03.472+02:00,149212009,IGH-Validierungsplattform (nsu=SinumerikVarProvider;s=Sinumerik),c8y_SpindleSpeed.SpindleSpeedActual,6497.49755859375,rpm
2022-03-30T15:58:03.970+02:00,149212009,IGH-Validierungsplattform (nsu=SinumerikVarProvider;s=Sinumerik),c8y_SpindleSpeed.SpindleSpeedActual,6497.49755859375,rpm
2022-03-30T15:58:04.470+02:00,149212009,IGH-Validierungsplattform (nsu=SinumerikVarProvider;s=Sinumerik),c8y_SpindleSpeed.SpindleSpeedActual,6505.7373046875,rpm
2022-03-30T15:58:05.073+02:00,149212009,IGH-Validierungsplattform (nsu=SinumerikVarProvider;s=Sinumerik),c8y_SpindleSpeed.SpindleSpeedActual,6497.49755859375,rpm
2022-03-30T15:58:06.271+02:00,149212009,IGH-Validierungsplattform (nsu=SinumerikVarProvider;s=Sinumerik),c8y_SpindleSpeed.SpindleSpeedActual,6499.32861328125,rpm
2022-03-30T15:58:07.075+02:00,149212009,IGH-Validierungsplattform (nsu=SinumerikVarProvider;s=Sinumerik),c8y_SpindleSpeed.SpindleSpeedActual,6497.49755859375,rpm
2022-03-30T15:58:07.580+02:00,149212009,IGH-Validierungsplattform (nsu=SinumerikVarProvider;s=Sinumerik),c8y_SpindleSpeed.SpindleSpeedActual,6502.0751953125,rpm
2022-03-30T15:58:08.177+02:00,149212009,IGH-Validierungsplattform (nsu=SinumerikVarProvider;s=Sinumerik),c8y_SpindleSpeed.SpindleSpeedActual,6509.3994140625,rpm
2022-03-30T15:58:08.577+02:00,149212009,IGH-Validierungsplattform (nsu=SinumerikVarProvider;s=Sinumerik),c8y_SpindleSpeed.SpindleSpeedActual,6496.58203125,rpm
2022-03-30T15:58:08.976+02:00,149212009,IGH-Validierungsplattform (nsu=SinumerikVarProvider;s=Sinumerik),c8y_SpindleSpeed.SpindleSpeedActual,6503.90625,rpm
2022-03-30T15:58:10.579+02:00,149212009,IGH-Validierungsplattform (nsu=SinumerikVarProvider;s=Sinumerik),c8y_SpindleSpeed.SpindleSpeedActual,6503.90625,rpm
2022-03-30T15:58:11.079+02:00,149212009,IGH-Validierungsplattform (nsu=SinumerikVarProvider;s=Sinumerik),c8y_SpindleSpeed.SpindleSpeedActual,6502.99072265625,rpm
2022-03-30T15:58:11.680+02:00,149212009,IGH-Validierungsplattform (nsu=SinumerikVarProvider;s=Sinumerik),c8y_SpindleSpeed.SpindleSpeedActual,6503.90625,rpm
2022-03-30T15:58:12.279+02:00,149212009,IGH-Validierungsplattform (nsu=SinumerikVarProvider;s=Sinumerik),c8y_SpindleSpeed.SpindleSpeedActual,6500.244140625,rpm
2022-03-30T15:58:12.779+02:00,149212009,IGH-Validierungsplattform (nsu=SinumerikVarProvider;s=Sinumerik),c8y_SpindleSpeed.SpindleSpeedActual,6492.00439453125,rpm
2022-03-30T15:58:13.279+02:00,149212009,IGH-Validierungsplattform (nsu=SinumerikVarProvider;s=Sinumerik),c8y_SpindleSpeed.SpindleSpeedActual,6495.66650390625,rpm
2022-03-30T15:58:13.780+02:00,149212009,IGH-Validierungsplattform (nsu=SinumerikVarProvider;s=Sinumerik),c8y_SpindleSpeed.SpindleSpeedActual,6497.49755859375,rpm
2022-03-30T15:58:14.979+02:00,149212009,IGH-Validierungsplattform (nsu=SinumerikVarProvider;s=Sinumerik),c8y_SpindleSpeed.SpindleSpeedActual,6499.32861328125,rpm
2022-03-30T15:58:15.579+02:00,149212009,IGH-Validierungsplattform (nsu=SinumerikVarProvider;s=Sinumerik),c8y_SpindleSpeed.SpindleSpeedActual,6505.7373046875,rpm
2022-03-30T15:58:16.083+02:00,149212009,IGH-Validierungsplattform (nsu=SinumerikVarProvider;s=Sinumerik),c8y_SpindleSpeed.SpindleSpeedActual,6496.58203125,rpm
2022-03-30T15:58:16.582+02:00,149212009,IGH-Validierungsplattform (nsu=SinumerikVarProvider;s=Sinumerik),c8y_SpindleSpeed.SpindleSpeedActual,6501.15966796875,rpm
2022-03-30T15:58:17.183+02:00,149212009,IGH-Validierungsplattform (nsu=SinumerikVarProvider;s=Sinumerik),c8y_SpindleSpeed.SpindleSpeedActual,6496.58203125,rpm
2022-03-30T15:58:17.583+02:00,149212009,IGH-Validierungsplattform (nsu=SinumerikVarProvider;s=Sinumerik),c8y_SpindleSpeed.SpindleSpeedActual,6502.99072265625,rpm
2022-03-30T15:58:18.885+02:00,149212009,IGH-Validierungsplattform (nsu=SinumerikVarProvider;s=Sinumerik),c8y_SpindleSpeed.SpindleSpeedActual,6507.568359375,rpm
2022-03-30T15:58:19.486+02:00,149212009,IGH-Validierungsplattform (nsu=SinumerikVarProvider;s=Sinumerik),c8y_SpindleSpeed.SpindleSpeedActual,6507.568359375,rpm
2022-03-30T15:58:19.989+02:00,149212009,IGH-Validierungsplattform (nsu=SinumerikVarProvider;s=Sinumerik),c8y_SpindleSpeed.SpindleSpeedActual,6496.58203125,rpm
2022-03-30T15:58:20.489+02:00,149212009,IGH-Validierungsplattform (nsu=SinumerikVarProvider;s=Sinumerik),c8y_SpindleSpeed.SpindleSpeedActual,6501.15966796875,rpm
2022-03-30T15:58:21.012+02:00,149212009,IGH-Validierungsplattform (nsu=SinumerikVarProvider;s=Sinumerik),c8y_SpindleSpeed.SpindleSpeedActual,6505.7373046875,rpm
2022-03-30T15:58:21.491+02:00,149212009,IGH-Validierungsplattform (nsu=SinumerikVarProvider;s=Sinumerik),c8y_SpindleSpeed.SpindleSpeedActual,6495.66650390625,rpm
2022-03-30T15:58:22.612+02:00,149212009,IGH-Validierungsplattform (nsu=SinumerikVarProvider;s=Sinumerik),c8y_SpindleSpeed.SpindleSpeedActual,6502.0751953125,rpm
2022-03-30T15:58:23.204+02:00,149212009,IGH-Validierungsplattform (nsu=SinumerikVarProvider;s=Sinumerik),c8y_SpindleSpeed.SpindleSpeedActual,6501.15966796875,rpm
2022-03-30T15:58:24.404+02:00,149212009,IGH-Validierungsplattform (nsu=SinumerikVarProvider;s=Sinumerik),c8y_SpindleSpeed.SpindleSpeedActual,6498.4130859375,rpm
2022-03-30T15:58:25.105+02:00,149212009,IGH-Validierungsplattform (nsu=SinumerikVarProvider;s=Sinumerik),c8y_SpindleSpeed.SpindleSpeedActual,6502.99072265625,rpm
2022-03-30T15:58:25.706+02:00,149212009,IGH-Validierungsplattform (nsu=SinumerikVarProvider;s=Sinumerik),c8y_SpindleSpeed.SpindleSpeedActual,6493.83544921875,rpm
2022-03-30T15:58:26.206+02:00,149212009,IGH-Validierungsplattform (nsu=SinumerikVarProvider;s=Sinumerik),c8y_SpindleSpeed.SpindleSpeedActual,6498.4130859375,rpm
2022-03-30T15:58:26.707+02:00,149212009,IGH-Validierungsplattform (nsu=SinumerikVarProvider;s=Sinumerik),c8y_SpindleSpeed.SpindleSpeedActual,6499.32861328125,rpm
2022-03-30T15:58:27.509+02:00,149212009,IGH-Validierungsplattform (nsu=SinumerikVarProvider;s=Sinumerik),c8y_SpindleSpeed.SpindleSpeedActual,6494.7509765625,rpm
2022-03-30T15:58:28.412+02:00,149212009,IGH-Validierungsplattform (nsu=SinumerikVarProvider;s=Sinumerik),c8y_SpindleSpeed.SpindleSpeedActual,6495.66650390625,rpm
2022-03-30T15:58:28.913+02:00,149212009,IGH-Validierungsplattform (nsu=SinumerikVarProvider;s=Sinumerik),c8y_SpindleSpeed.SpindleSpeedActual,6501.15966796875,rpm
2022-03-30T15:58:29.411+02:00,149212009,IGH-Validierungsplattform (nsu=SinumerikVarProvider;s=Sinumerik),c8y_SpindleSpeed.SpindleSpeedActual,6501.15966796875,rpm
2022-03-30T15:58:29.911+02:00,149212009,IGH-Validierungsplattform (nsu=SinumerikVarProvider;s=Sinumerik),c8y_SpindleSpeed.SpindleSpeedActual,6502.0751953125,rpm
2022-03-30T15:58:30.412+02:00,149212009,IGH-Validierungsplattform (nsu=SinumerikVarProvider;s=Sinumerik),c8y_SpindleSpeed.SpindleSpeedActual,6503.90625,rpm
2022-03-30T15:58:31.716+02:00,149212009,IGH-Validierungsplattform (nsu=SinumerikVarProvider;s=Sinumerik),c8y_SpindleSpeed.SpindleSpeedActual,6498.4130859375,rpm
2022-03-30T15:58:32.417+02:00,149212009,IGH-Validierungsplattform (nsu=SinumerikVarProvider;s=Sinumerik),c8y_SpindleSpeed.SpindleSpeedActual,6499.32861328125,rpm
2022-03-30T15:58:32.916+02:00,149212009,IGH-Validierungsplattform (nsu=SinumerikVarProvider;s=Sinumerik),c8y_SpindleSpeed.SpindleSpeedActual,6502.0751953125,rpm
2022-03-30T15:58:33.417+02:00,149212009,IGH-Validierungsplattform (nsu=SinumerikVarProvider;s=Sinumerik),c8y_SpindleSpeed.SpindleSpeedActual,6501.15966796875,rpm
2022-03-30T15:58:33.921+02:00,149212009,IGH-Validierungsplattform (nsu=SinumerikVarProvider;s=Sinumerik),c8y_SpindleSpeed.SpindleSpeedActual,6495.66650390625,rpm
2022-03-30T15:58:34.421+02:00,149212009,IGH-Validierungsplattform (nsu=SinumerikVarProvider;s=Sinumerik),c8y_SpindleSpeed.SpindleSpeedActual,6500.244140625,rpm
2022-03-30T15:58:34.726+02:00,149212009,IGH-Validierungsplattform (nsu=SinumerikVarProvider;s=Sinumerik),c8y_SpindleSpeed.SpindleSpeedActual,6496.58203125,rpm
2022-03-30T15:58:37.127+02:00,149212009,IGH-Validierungsplattform (nsu=SinumerikVarProvider;s=Sinumerik),c8y_SpindleSpeed.SpindleSpeedActual,6501.15966796875,rpm
2022-03-30T15:58:37.628+02:00,149212009,IGH-Validierungsplattform (nsu=SinumerikVarProvider;s=Sinumerik),c8y_SpindleSpeed.SpindleSpeedActual,6506.65283203125,rpm
2022-03-30T15:58:38.428+02:00,149212009,IGH-Validierungsplattform (nsu=SinumerikVarProvider;s=Sinumerik),c8y_SpindleSpeed.SpindleSpeedActual,6496.58203125,rpm
2022-03-30T15:58:39.330+02:00,149212009,IGH-Validierungsplattform (nsu=SinumerikVarProvider;s=Sinumerik),c8y_SpindleSpeed.SpindleSpeedActual,6495.66650390625,rpm
2022-03-30T15:58:39.830+02:00,149212009,IGH-Validierungsplattform (nsu=SinumerikVarProvider;s=Sinumerik),c8y_SpindleSpeed.SpindleSpeedActual,6499.32861328125,rpm
2022-03-30T15:58:40.431+02:00,149212009,IGH-Validierungsplattform (nsu=SinumerikVarProvider;s=Sinumerik),c8y_SpindleSpeed.SpindleSpeedActual,6495.66650390625,rpm
2022-03-30T15:58:40.834+02:00,149212009,IGH-Validierungsplattform (nsu=SinumerikVarProvider;s=Sinumerik),c8y_SpindleSpeed.SpindleSpeedActual,6501.15966796875,rpm
2022-03-30T15:58:42.233+02:00,149212009,IGH-Validierungsplattform (nsu=SinumerikVarProvider;s=Sinumerik),c8y_SpindleSpeed.SpindleSpeedActual,6501.15966796875,rpm
2022-03-30T15:58:42.833+02:00,149212009,IGH-Validierungsplattform (nsu=SinumerikVarProvider;s=Sinumerik),c8y_SpindleSpeed.SpindleSpeedActual,6502.0751953125,rpm
2022-03-30T15:58:43.433+02:00,149212009,IGH-Validierungsplattform (nsu=SinumerikVarProvider;s=Sinumerik),c8y_SpindleSpeed.SpindleSpeedActual,6498.4130859375,rpm
2022-03-30T15:58:43.934+02:00,149212009,IGH-Validierungsplattform (nsu=SinumerikVarProvider;s=Sinumerik),c8y_SpindleSpeed.SpindleSpeedActual,6500.244140625,rpm
2022-03-30T15:58:44.464+02:00,149212009,IGH-Validierungsplattform (nsu=SinumerikVarProvider;s=Sinumerik),c8y_SpindleSpeed.SpindleSpeedActual,6497.49755859375,rpm
2022-03-30T15:58:45.037+02:00,149212009,IGH-Validierungsplattform (nsu=SinumerikVarProvider;s=Sinumerik),c8y_SpindleSpeed.SpindleSpeedActual,6498.4130859375,rpm
2022-03-30T15:58:46.136+02:00,149212009,IGH-Validierungsplattform (nsu=SinumerikVarProvider;s=Sinumerik),c8y_SpindleSpeed.SpindleSpeedActual,6501.15966796875,rpm
2022-03-30T15:58:47.036+02:00,149212009,IGH-Validierungsplattform (nsu=SinumerikVarProvider;s=Sinumerik),c8y_SpindleSpeed.SpindleSpeedActual,6507.568359375,rpm
2022-03-30T15:58:47.336+02:00,149212009,IGH-Validierungsplattform (nsu=SinumerikVarProvider;s=Sinumerik),c8y_SpindleSpeed.SpindleSpeedActual,6498.4130859375,rpm
2022-03-30T15:58:47.836+02:00,149212009,IGH-Validierungsplattform (nsu=SinumerikVarProvider;s=Sinumerik),c8y_SpindleSpeed.SpindleSpeedActual,6502.99072265625,rpm
2022-03-30T15:58:48.336+02:00,149212009,IGH-Validierungsplattform (nsu=SinumerikVarProvider;s=Sinumerik),c8y_SpindleSpeed.SpindleSpeedActual,6493.83544921875,rpm
2022-03-30T15:58:48.837+02:00,149212009,IGH-Validierungsplattform (nsu=SinumerikVarProvider;s=Sinumerik),c8y_SpindleSpeed.SpindleSpeedActual,6502.99072265625,rpm
2022-03-30T15:58:49.439+02:00,149212009,IGH-Validierungsplattform (nsu=SinumerikVarProvider;s=Sinumerik),c8y_SpindleSpeed.SpindleSpeedActual,6502.99072265625,rpm
2022-03-30T15:58:50.437+02:00,149212009,IGH-Validierungsplattform (nsu=SinumerikVarProvider;s=Sinumerik),c8y_SpindleSpeed.SpindleSpeedActual,6507.568359375,rpm
2022-03-30T15:58:51.237+02:00,149212009,IGH-Validierungsplattform (nsu=SinumerikVarProvider;s=Sinumerik),c8y_SpindleSpeed.SpindleSpeedActual,6499.32861328125,rpm
2022-03-30T15:58:51.837+02:00,149212009,IGH-Validierungsplattform (nsu=SinumerikVarProvider;s=Sinumerik),c8y_SpindleSpeed.SpindleSpeedActual,6507.568359375,rpm
2022-03-30T15:58:52.336+02:00,149212009,IGH-Validierungsplattform (nsu=SinumerikVarProvider;s=Sinumerik),c8y_SpindleSpeed.SpindleSpeedActual,6505.7373046875,rpm
2022-03-30T15:58:52.836+02:00,149212009,IGH-Validierungsplattform (nsu=SinumerikVarProvider;s=Sinumerik),c8y_SpindleSpeed.SpindleSpeedActual,6499.32861328125,rpm
2022-03-30T15:58:53.138+02:00,149212009,IGH-Validierungsplattform (nsu=SinumerikVarProvider;s=Sinumerik),c8y_SpindleSpeed.SpindleSpeedActual,6502.99072265625,rpm
2022-03-30T15:58:53.763+02:00,149212009,IGH-Validierungsplattform (nsu=SinumerikVarProvider;s=Sinumerik),c8y_SpindleSpeed.SpindleSpeedActual,6505.7373046875,rpm
2022-03-30T15:58:55.040+02:00,149212009,IGH-Validierungsplattform (nsu=SinumerikVarProvider;s=Sinumerik),c8y_SpindleSpeed.SpindleSpeedActual,6501.15966796875,rpm
2022-03-30T15:58:55.843+02:00,149212009,IGH-Validierungsplattform (nsu=SinumerikVarProvider;s=Sinumerik),c8y_SpindleSpeed.SpindleSpeedActual,6494.7509765625,rpm
2022-03-30T15:58:56.542+02:00,149212009,IGH-Validierungsplattform (nsu=SinumerikVarProvider;s=Sinumerik),c8y_SpindleSpeed.SpindleSpeedActual,6502.99072265625,rpm
2022-03-30T15:58:57.042+02:00,149212009,IGH-Validierungsplattform (nsu=SinumerikVarProvider;s=Sinumerik),c8y_SpindleSpeed.SpindleSpeedActual,6496.58203125,rpm
2022-03-30T15:58:57.542+02:00,149212009,IGH-Validierungsplattform (nsu=SinumerikVarProvider;s=Sinumerik),c8y_SpindleSpeed.SpindleSpeedActual,6499.32861328125,rpm
2022-03-30T15:58:58.172+02:00,149212009,IGH-Validierungsplattform (nsu=SinumerikVarProvider;s=Sinumerik),c8y_SpindleSpeed.SpindleSpeedActual,6499.32861328125,rpm
2022-03-30T15:58:58.642+02:00,149212009,IGH-Validierungsplattform (nsu=SinumerikVarProvider;s=Sinumerik),c8y_SpindleSpeed.SpindleSpeedActual,6498.4130859375,rpm
2022-03-30T15:58:59.746+02:00,149212009,IGH-Validierungsplattform (nsu=SinumerikVarProvider;s=Sinumerik),c8y_SpindleSpeed.SpindleSpeedActual,6498.4130859375,rpm
2022-03-30T15:59:00.445+02:00,149212009,IGH-Validierungsplattform (nsu=SinumerikVarProvider;s=Sinumerik),c8y_SpindleSpeed.SpindleSpeedActual,6503.90625,rpm
2022-03-30T15:59:00.946+02:00,149212009,IGH-Validierungsplattform (nsu=SinumerikVarProvider;s=Sinumerik),c8y_SpindleSpeed.SpindleSpeedActual,6501.15966796875,rpm
2022-03-30T15:59:01.445+02:00,149212009,IGH-Validierungsplattform (nsu=SinumerikVarProvider;s=Sinumerik),c8y_SpindleSpeed.SpindleSpeedActual,6498.4130859375,rpm
2022-03-30T15:59:01.971+02:00,149212009,IGH-Validierungsplattform (nsu=SinumerikVarProvider;s=Sinumerik),c8y_SpindleSpeed.SpindleSpeedActual,6493.83544921875,rpm
2022-03-30T15:59:02.446+02:00,149212009,IGH-Validierungsplattform (nsu=SinumerikVarProvider;s=Sinumerik),c8y_SpindleSpeed.SpindleSpeedActual,6496.58203125,rpm
2022-03-30T15:59:03.447+02:00,149212009,IGH-Validierungsplattform (nsu=SinumerikVarProvider;s=Sinumerik),c8y_SpindleSpeed.SpindleSpeedActual,6494.7509765625,rpm
2022-03-30T15:59:04.150+02:00,149212009,IGH-Validierungsplattform (nsu=SinumerikVarProvider;s=Sinumerik),c8y_SpindleSpeed.SpindleSpeedActual,6502.99072265625,rpm
2022-03-30T15:59:04.551+02:00,149212009,IGH-Validierungsplattform (nsu=SinumerikVarProvider;s=Sinumerik),c8y_SpindleSpeed.SpindleSpeedActual,6503.90625,rpm
2022-03-30T15:59:05.153+02:00,149212009,IGH-Validierungsplattform (nsu=SinumerikVarProvider;s=Sinumerik),c8y_SpindleSpeed.SpindleSpeedActual,6504.82177734375,rpm
2022-03-30T15:59:05.753+02:00,149212009,IGH-Validierungsplattform (nsu=SinumerikVarProvider;s=Sinumerik),c8y_SpindleSpeed.SpindleSpeedActual,6505.7373046875,rpm
2022-03-30T15:59:06.253+02:00,149212009,IGH-Validierungsplattform (nsu=SinumerikVarProvider;s=Sinumerik),c8y_SpindleSpeed.SpindleSpeedActual,6502.0751953125,rpm
2022-03-30T15:59:06.653+02:00,149212009,IGH-Validierungsplattform (nsu=SinumerikVarProvider;s=Sinumerik),c8y_SpindleSpeed.SpindleSpeedActual,6493.83544921875,rpm
2022-03-30T15:59:08.154+02:00,149212009,IGH-Validierungsplattform (nsu=SinumerikVarProvider;s=Sinumerik),c8y_SpindleSpeed.SpindleSpeedActual,6495.66650390625,rpm
2022-03-30T15:59:09.166+02:00,149212009,IGH-Validierungsplattform (nsu=SinumerikVarProvider;s=Sinumerik),c8y_SpindleSpeed.SpindleSpeedActual,6503.90625,rpm
2022-03-30T15:59:10.257+02:00,149212009,IGH-Validierungsplattform (nsu=SinumerikVarProvider;s=Sinumerik),c8y_SpindleSpeed.SpindleSpeedActual,6508.48388671875,rpm
2022-03-30T15:59:10.758+02:00,149212009,IGH-Validierungsplattform (nsu=SinumerikVarProvider;s=Sinumerik),c8y_SpindleSpeed.SpindleSpeedActual,6500.244140625,rpm
2022-03-30T15:59:11.258+02:00,149212009,IGH-Validierungsplattform (nsu=SinumerikVarProvider;s=Sinumerik),c8y_SpindleSpeed.SpindleSpeedActual,6499.32861328125,rpm
2022-03-30T15:59:11.761+02:00,149212009,IGH-Validierungsplattform (nsu=SinumerikVarProvider;s=Sinumerik),c8y_SpindleSpeed.SpindleSpeedActual,6504.82177734375,rpm
2022-03-30T15:59:12.761+02:00,149212009,IGH-Validierungsplattform (nsu=SinumerikVarProvider;s=Sinumerik),c8y_SpindleSpeed.SpindleSpeedActual,6493.83544921875,rpm
2022-03-30T15:59:13.361+02:00,149212009,IGH-Validierungsplattform (nsu=SinumerikVarProvider;s=Sinumerik),c8y_SpindleSpeed.SpindleSpeedActual,6493.83544921875,rpm
2022-03-30T15:59:13.864+02:00,149212009,IGH-Validierungsplattform (nsu=SinumerikVarProvider;s=Sinumerik),c8y_SpindleSpeed.SpindleSpeedActual,6497.49755859375,rpm
2022-03-30T15:59:14.464+02:00,149212009,IGH-Validierungsplattform (nsu=SinumerikVarProvider;s=Sinumerik),c8y_SpindleSpeed.SpindleSpeedActual,6506.65283203125,rpm
2022-03-30T15:59:14.863+02:00,149212009,IGH-Validierungsplattform (nsu=SinumerikVarProvider;s=Sinumerik),c8y_SpindleSpeed.SpindleSpeedActual,6499.32861328125,rpm
2022-03-30T15:59:15.467+02:00,149212009,IGH-Validierungsplattform (nsu=SinumerikVarProvider;s=Sinumerik),c8y_SpindleSpeed.SpindleSpeedActual,6496.58203125,rpm
2022-03-30T15:59:16.572+02:00,149212009,IGH-Validierungsplattform (nsu=SinumerikVarProvider;s=Sinumerik),c8y_SpindleSpeed.SpindleSpeedActual,6500.244140625,rpm
2022-03-30T15:59:17.273+02:00,149212009,IGH-Validierungsplattform (nsu=SinumerikVarProvider;s=Sinumerik),c8y_SpindleSpeed.SpindleSpeedActual,6502.0751953125,rpm
2022-03-30T15:59:17.673+02:00,149212009,IGH-Validierungsplattform (nsu=SinumerikVarProvider;s=Sinumerik),c8y_SpindleSpeed.SpindleSpeedActual,6495.66650390625,rpm
2022-03-30T15:59:18.177+02:00,149212009,IGH-Validierungsplattform (nsu=SinumerikVarProvider;s=Sinumerik),c8y_SpindleSpeed.SpindleSpeedActual,6503.90625,rpm
2022-03-30T15:59:18.681+02:00,149212009,IGH-Validierungsplattform (nsu=SinumerikVarProvider;s=Sinumerik),c8y_SpindleSpeed.SpindleSpeedActual,6504.82177734375,rpm
2022-03-30T15:59:19.004+02:00,149212009,IGH-Validierungsplattform (nsu=SinumerikVarProvider;s=Sinumerik),c8y_SpindleSpeed.SpindleSpeedActual,6494.7509765625,rpm
2022-03-30T15:59:19.682+02:00,149212009,IGH-Validierungsplattform (nsu=SinumerikVarProvider;s=Sinumerik),c8y_SpindleSpeed.SpindleSpeedActual,6493.83544921875,rpm
2022-03-30T15:59:21.607+02:00,149212009,IGH-Validierungsplattform (nsu=SinumerikVarProvider;s=Sinumerik),c8y_SpindleSpeed.SpindleSpeedActual,6500.244140625,rpm
2022-03-30T15:59:22.187+02:00,149212009,IGH-Validierungsplattform (nsu=SinumerikVarProvider;s=Sinumerik),c8y_SpindleSpeed.SpindleSpeedActual,6498.4130859375,rpm
2022-03-30T15:59:22.787+02:00,149212009,IGH-Validierungsplattform (nsu=SinumerikVarProvider;s=Sinumerik),c8y_SpindleSpeed.SpindleSpeedActual,6498.4130859375,rpm
2022-03-30T15:59:23.288+02:00,149212009,IGH-Validierungsplattform (nsu=SinumerikVarProvider;s=Sinumerik),c8y_SpindleSpeed.SpindleSpeedActual,6500.244140625,rpm
2022-03-30T15:59:23.788+02:00,149212009,IGH-Validierungsplattform (nsu=SinumerikVarProvider;s=Sinumerik),c8y_SpindleSpeed.SpindleSpeedActual,6502.0751953125,rpm
2022-03-30T15:59:24.289+02:00,149212009,IGH-Validierungsplattform (nsu=SinumerikVarProvider;s=Sinumerik),c8y_SpindleSpeed.SpindleSpeedActual,6492.00439453125,rpm
2022-03-30T15:59:24.788+02:00,149212009,IGH-Validierungsplattform (nsu=SinumerikVarProvider;s=Sinumerik),c8y_SpindleSpeed.SpindleSpeedActual,6492.00439453125,rpm
2022-03-30T15:59:25.789+02:00,149212009,IGH-Validierungsplattform (nsu=SinumerikVarProvider;s=Sinumerik),c8y_SpindleSpeed.SpindleSpeedActual,6498.4130859375,rpm
2022-03-30T15:59:26.390+02:00,149212009,IGH-Validierungsplattform (nsu=SinumerikVarProvider;s=Sinumerik),c8y_SpindleSpeed.SpindleSpeedActual,6494.7509765625,rpm
2022-03-30T15:59:26.893+02:00,149212009,IGH-Validierungsplattform (nsu=SinumerikVarProvider;s=Sinumerik),c8y_SpindleSpeed.SpindleSpeedActual,6492.919921875,rpm
2022-03-30T15:59:27.394+02:00,149212009,IGH-Validierungsplattform (nsu=SinumerikVarProvider;s=Sinumerik),c8y_SpindleSpeed.SpindleSpeedActual,6499.32861328125,rpm
2022-03-30T15:59:27.895+02:00,149212009,IGH-Validierungsplattform (nsu=SinumerikVarProvider;s=Sinumerik),c8y_SpindleSpeed.SpindleSpeedActual,6501.15966796875,rpm
2022-03-30T15:59:28.398+02:00,149212009,IGH-Validierungsplattform (nsu=SinumerikVarProvider;s=Sinumerik),c8y_SpindleSpeed.SpindleSpeedActual,6500.244140625,rpm
2022-03-30T15:59:29.600+02:00,149212009,IGH-Validierungsplattform (nsu=SinumerikVarProvider;s=Sinumerik),c8y_SpindleSpeed.SpindleSpeedActual,6498.4130859375,rpm
2022-03-30T15:59:30.199+02:00,149212009,IGH-Validierungsplattform (nsu=SinumerikVarProvider;s=Sinumerik),c8y_SpindleSpeed.SpindleSpeedActual,6496.58203125,rpm
2022-03-30T15:59:30.701+02:00,149212009,IGH-Validierungsplattform (nsu=SinumerikVarProvider;s=Sinumerik),c8y_SpindleSpeed.SpindleSpeedActual,6509.3994140625,rpm
2022-03-30T15:59:31.204+02:00,149212009,IGH-Validierungsplattform (nsu=SinumerikVarProvider;s=Sinumerik),c8y_SpindleSpeed.SpindleSpeedActual,6503.90625,rpm
2022-03-30T15:59:31.805+02:00,149212009,IGH-Validierungsplattform (nsu=SinumerikVarProvider;s=Sinumerik),c8y_SpindleSpeed.SpindleSpeedActual,6494.7509765625,rpm
2022-03-30T15:59:32.109+02:00,149212009,IGH-Validierungsplattform (nsu=SinumerikVarProvider;s=Sinumerik),c8y_SpindleSpeed.SpindleSpeedActual,6507.568359375,rpm
2022-03-30T15:59:32.810+02:00,149212009,IGH-Validierungsplattform (nsu=SinumerikVarProvider;s=Sinumerik),c8y_SpindleSpeed.SpindleSpeedActual,6495.66650390625,rpm
2022-03-30T15:59:34.811+02:00,149212009,IGH-Validierungsplattform (nsu=SinumerikVarProvider;s=Sinumerik),c8y_SpindleSpeed.SpindleSpeedActual,6503.90625,rpm
2022-03-30T15:59:35.215+02:00,149212009,IGH-Validierungsplattform (nsu=SinumerikVarProvider;s=Sinumerik),c8y_SpindleSpeed.SpindleSpeedActual,6503.90625,rpm
2022-03-30T15:59:35.815+02:00,149212009,IGH-Validierungsplattform (nsu=SinumerikVarProvider;s=Sinumerik),c8y_SpindleSpeed.SpindleSpeedActual,6500.244140625,rpm
2022-03-30T15:59:36.316+02:00,149212009,IGH-Validierungsplattform (nsu=SinumerikVarProvider;s=Sinumerik),c8y_SpindleSpeed.SpindleSpeedActual,6495.66650390625,rpm
2022-03-30T15:59:36.917+02:00,149212009,IGH-Validierungsplattform (nsu=SinumerikVarProvider;s=Sinumerik),c8y_SpindleSpeed.SpindleSpeedActual,6494.7509765625,rpm
2022-03-30T15:59:37.417+02:00,149212009,IGH-Validierungsplattform (nsu=SinumerikVarProvider;s=Sinumerik),c8y_SpindleSpeed.SpindleSpeedActual,6500.244140625,rpm
2022-03-30T15:59:37.817+02:00,149212009,IGH-Validierungsplattform (nsu=SinumerikVarProvider;s=Sinumerik),c8y_SpindleSpeed.SpindleSpeedActual,6504.82177734375,rpm
2022-03-30T15:59:39.118+02:00,149212009,IGH-Validierungsplattform (nsu=SinumerikVarProvider;s=Sinumerik),c8y_SpindleSpeed.SpindleSpeedActual,6508.48388671875,rpm
2022-03-30T15:59:39.919+02:00,149212009,IGH-Validierungsplattform (nsu=SinumerikVarProvider;s=Sinumerik),c8y_SpindleSpeed.SpindleSpeedActual,6495.66650390625,rpm
2022-03-30T15:59:40.419+02:00,149212009,IGH-Validierungsplattform (nsu=SinumerikVarProvider;s=Sinumerik),c8y_SpindleSpeed.SpindleSpeedActual,6499.32861328125,rpm
2022-03-30T15:59:40.919+02:00,149212009,IGH-Validierungsplattform (nsu=SinumerikVarProvider;s=Sinumerik),c8y_SpindleSpeed.SpindleSpeedActual,6500.244140625,rpm
2022-03-30T15:59:41.424+02:00,149212009,IGH-Validierungsplattform (nsu=SinumerikVarProvider;s=Sinumerik),c8y_SpindleSpeed.SpindleSpeedActual,6495.66650390625,rpm
2022-03-30T15:59:41.924+02:00,149212009,IGH-Validierungsplattform (nsu=SinumerikVarProvider;s=Sinumerik),c8y_SpindleSpeed.SpindleSpeedActual,6504.82177734375,rpm
2022-03-30T15:59:43.125+02:00,149212009,IGH-Validierungsplattform (nsu=SinumerikVarProvider;s=Sinumerik),c8y_SpindleSpeed.SpindleSpeedActual,6502.0751953125,rpm
2022-03-30T15:59:43.725+02:00,149212009,IGH-Validierungsplattform (nsu=SinumerikVarProvider;s=Sinumerik),c8y_SpindleSpeed.SpindleSpeedActual,6503.90625,rpm
2022-03-30T15:59:44.527+02:00,149212009,IGH-Validierungsplattform (nsu=SinumerikVarProvider;s=Sinumerik),c8y_SpindleSpeed.SpindleSpeedActual,6500.244140625,rpm
2022-03-30T15:59:45.030+02:00,149212009,IGH-Validierungsplattform (nsu=SinumerikVarProvider;s=Sinumerik),c8y_SpindleSpeed.SpindleSpeedActual,6497.49755859375,rpm
2022-03-30T15:59:45.530+02:00,149212009,IGH-Validierungsplattform (nsu=SinumerikVarProvider;s=Sinumerik),c8y_SpindleSpeed.SpindleSpeedActual,6504.82177734375,rpm
2022-03-30T15:59:46.029+02:00,149212009,IGH-Validierungsplattform (nsu=SinumerikVarProvider;s=Sinumerik),c8y_SpindleSpeed.SpindleSpeedActual,6502.0751953125,rpm
2022-03-30T15:59:47.227+02:00,149212009,IGH-Validierungsplattform (nsu=SinumerikVarProvider;s=Sinumerik),c8y_SpindleSpeed.SpindleSpeedActual,6500.244140625,rpm
2022-03-30T15:59:48.027+02:00,149212009,IGH-Validierungsplattform (nsu=SinumerikVarProvider;s=Sinumerik),c8y_SpindleSpeed.SpindleSpeedActual,6501.15966796875,rpm
2022-03-30T15:59:48.526+02:00,149212009,IGH-Validierungsplattform (nsu=SinumerikVarProvider;s=Sinumerik),c8y_SpindleSpeed.SpindleSpeedActual,6504.82177734375,rpm
2022-03-30T15:59:49.025+02:00,149212009,IGH-Validierungsplattform (nsu=SinumerikVarProvider;s=Sinumerik),c8y_SpindleSpeed.SpindleSpeedActual,6502.99072265625,rpm
2022-03-30T15:59:49.525+02:00,149212009,IGH-Validierungsplattform (nsu=SinumerikVarProvider;s=Sinumerik),c8y_SpindleSpeed.SpindleSpeedActual,6494.7509765625,rpm
2022-03-30T15:59:50.024+02:00,149212009,IGH-Validierungsplattform (nsu=SinumerikVarProvider;s=Sinumerik),c8y_SpindleSpeed.SpindleSpeedActual,6498.4130859375,rpm
2022-03-30T15:59:51.023+02:00,149212009,IGH-Validierungsplattform (nsu=SinumerikVarProvider;s=Sinumerik),c8y_SpindleSpeed.SpindleSpeedActual,6501.15966796875,rpm
2022-03-30T15:59:51.635+02:00,149212009,IGH-Validierungsplattform (nsu=SinumerikVarProvider;s=Sinumerik),c8y_SpindleSpeed.SpindleSpeedActual,6499.32861328125,rpm
2022-03-30T15:59:52.138+02:00,149212009,IGH-Validierungsplattform (nsu=SinumerikVarProvider;s=Sinumerik),c8y_SpindleSpeed.SpindleSpeedActual,6506.65283203125,rpm
2022-03-30T15:59:52.625+02:00,149212009,IGH-Validierungsplattform (nsu=SinumerikVarProvider;s=Sinumerik),c8y_SpindleSpeed.SpindleSpeedActual,6502.0751953125,rpm
2022-03-30T15:59:53.120+02:00,149212009,IGH-Validierungsplattform (nsu=SinumerikVarProvider;s=Sinumerik),c8y_SpindleSpeed.SpindleSpeedActual,6493.83544921875,rpm
2022-03-30T15:59:53.620+02:00,149212009,IGH-Validierungsplattform (nsu=SinumerikVarProvider;s=Sinumerik),c8y_SpindleSpeed.SpindleSpeedActual,6495.66650390625,rpm
2022-03-30T15:59:54.121+02:00,149212009,IGH-Validierungsplattform (nsu=SinumerikVarProvider;s=Sinumerik),c8y_SpindleSpeed.SpindleSpeedCommand,0.0,rpm
2022-03-30T15:59:54.250+02:00,149212009,IGH-Validierungsplattform (nsu=SinumerikVarProvider;s=Sinumerik),c8y_SpindleSpeed.SpindleSpeedActual,-23.8037109375,rpm
2022-03-30T15:59:54.341+02:00,149212009,IGH-Validierungsplattform (nsu=SinumerikVarProvider;s=Sinumerik),c8y_SpindleSpeed.SpindleSpeedActual,0.0,rpm
2022-03-30T15:59:59.920+02:00,149212009,IGH-Validierungsplattform (nsu=SinumerikVarProvider;s=Sinumerik),c8y_SpindleSpeed.SpindleSpeedCommand,6500.0,rpm
2022-03-30T15:59:59.920+02:00,149212009,IGH-Validierungsplattform (nsu=SinumerikVarProvider;s=Sinumerik),c8y_SpindleSpeed.SpindleSpeedActual,3118.2861328125,rpm