time,source,device_name,fragment.series,value,unit
2022-03-30T15:55:49.350+02:00,149212009,IGH-Validierungsplattform (nsu=SinumerikVarProvider;s=Sinumerik),c8y_Position.AxisZPosition,130.6,mm
2022-03-30T15:55:53.754+02:00,149212009,IGH-Validierungsplattform (nsu=SinumerikVarProvider;s=Sinumerik),c8y_Position.AxisYPosition,99.13902,mm
2022-03-30T15:55:54.644+02:00,149212009,IGH-Validierungsplattform (nsu=SinumerikVarProvider;s=Sinumerik),c8y_Position.AxisYPosition,87.02823,mm
2022-03-30T15:55:55.245+02:00,149212009,IGH-Validierungsplattform (nsu=SinumerikVarProvider;s=Sinumerik),c8y_Position.AxisYPosition,80.88223,mm
2022-03-30T15:55:55.745+02:00,149212009,IGH-Validierungsplattform (nsu=SinumerikVarProvider;s=Sinumerik),c8y_Position.AxisYPosition,80.81173,mm
2022-03-30T15:55:56.245+02:00,149212009,IGH-Validierungsplattform (nsu=SinumerikVarProvider;s=Sinumerik),c8y_Position.AxisYPosition,73.30095,mm
2022-03-30T15:55:56.745+02:00,149212009,IGH-Validierungsplattform (nsu=SinumerikVarProvider;s=Sinumerik),c8y_Position.AxisYPosition,60.494,mm
2022-03-30T15:55:57.545+02:00,149212009,IGH-Validierungsplattform (nsu=SinumerikVarProvider;s=Sinumerik),c8y_Position.AxisYPosition,48.3537,mm
2022-03-30T15:55:58.045+02:00,149212009,IGH-Validierungsplattform (nsu=SinumerikVarProvider;s=Sinumerik),c8y_Position.AxisYPosition,35.5094,mm
2022-03-30T15:55:58.544+02:00,149212009,IGH-Validierungsplattform (nsu=SinumerikVarProvider;s=Sinumerik),c8y_Position.AxisYPosition,23.79254,mm
2022-03-30T15:55:59.044+02:00,149212009,IGH-Validierungsplattform (nsu=SinumerikVarProvider;s=Sinumerik),c8y_Position.AxisYPosition,13.98903,mm
2022-03-30T15:56:03.045+02:00,149212009,IGH-Validierungsplattform (nsu=SinumerikVarProvider;s=Sinumerik),c8y_Position.AxisXPosition,147.77233,mm
2022-03-30T15:56:03.545+02:00,149212009,IGH-Validierungsplattform (nsu=SinumerikVarProvider;s=Sinumerik),c8y_Position.AxisXPosition,141.57111,mm
2022-03-30T15:56:04.076+02:00,149212009,IGH-Validierungsplattform (nsu=SinumerikVarProvider;s=Sinumerik),c8y_Position.AxisXPosition,129.81194,mm
2022-03-30T15:56:04.547+02:00,149212009,IGH-Validierungsplattform (nsu=SinumerikVarProvider;s=Sinumerik),c8y_Position.AxisXPosition,116.26098,mm
2022-03-30T15:56:05.147+02:00,149212009,IGH-Validierungsplattform (nsu=SinumerikVarProvider;s=Sinumerik),c8y_Position.AxisXPosition,103.21661,mm
2022-03-30T15:56:05.645+02:00,149212009,IGH-Validierungsplattform (nsu=SinumerikVarProvider;s=Sinumerik),c8y_Position.AxisXPosition,90.17715,mm
2022-03-30T15:56:06.145+02:00,149212009,IGH-Validierungsplattform (nsu=SinumerikVarProvider;s=Sinumerik),c8y_Position.AxisXPosition,78.96982,mm
2022-03-30T15:56:06.644+02:00,149212009,IGH-Validierungsplattform (nsu=SinumerikVarProvider;s=Sinumerik),c8y_Position.AxisXPosition,65.75628,mm
2022-03-30T15:56:07.144+02:00,149212009,IGH-Validierungsplattform (nsu=SinumerikVarProvider;s=Sinumerik),c8y_Position.AxisXPosition,52.54237,mm
2022-03-30T15:56:07.843+02:00,149212009,IGH-Validierungsplattform (nsu=SinumerikVarProvider;s=Sinumerik),c8y_Position.AxisXPosition,34.87195,mm
2022-03-30T15:56:08.142+02:00,149212009,IGH-Validierungsplattform (nsu=SinumerikVarProvider;s=Sinumerik),c8y_Position.AxisXPosition,29.60226,mm
2022-03-30T15:56:11.438+02:00,149212009,IGH-Validierungsplattform (nsu=SinumerikVarProvider;s=Sinumerik),c8y_Position.AxisZPosition,129.42942,mm
2022-03-30T15:56:11.938+02:00,149212009,IGH-Validierungsplattform (nsu=SinumerikVarProvider;s=Sinumerik),c8y_Position.AxisZPosition,123.22861,mm
2022-03-30T15:56:12.837+02:00,149212009,IGH-Validierungsplattform (nsu=SinumerikVarProvider;s=Sinumerik),c8y_Position.AxisZPosition,109.84726,mm
2022-03-30T15:56:13.336+02:00,149212009,IGH-Validierungsplattform (nsu=SinumerikVarProvider;s=Sinumerik),c8y_Position.AxisZPosition,99.92999,mm
2022-03-30T15:56:13.838+02:00,149212009,IGH-Validierungsplattform (nsu=SinumerikVarProvider;s=Sinumerik),c8y_Position.AxisZPosition,92.56854,mm
2022-03-30T15:56:14.335+02:00,149212009,IGH-Validierungsplattform (nsu=SinumerikVarProvider;s=Sinumerik),c8y_Position.AxisZPosition,84.05024,mm
2022-03-30T15:56:14.935+02:00,149212009,IGH-Validierungsplattform (nsu=SinumerikVarProvider;s=Sinumerik),c8y_Position.AxisZPosition,76.0575,mm
2022-03-30T15:56:15.234+02:00,149212009,IGH-Validierungsplattform (nsu=SinumerikVarProvider;s=Sinumerik),c8y_Position.AxisZPosition,71.08177,mm
2022-03-30T15:56:17.937+02:00,149212009,IGH-Validierungsplattform (nsu=SinumerikVarProvider;s=Sinumerik),c8y_Position.AxisZPosition,63.8529,mm
2022-03-30T15:56:18.541+02:00,149212009,IGH-Validierungsplattform (nsu=SinumerikVarProvider;s=Sinumerik),c8y_Position.AxisZPosition,58.02478,mm
2022-03-30T15:56:19.041+02:00,149212009,IGH-Validierungsplattform (nsu=SinumerikVarProvider;s=Sinumerik),c8y_Position.AxisZPosition,52.26255,mm
2022-03-30T15:56:19.541+02:00,149212009,IGH-Validierungsplattform (nsu=SinumerikVarProvider;s=Sinumerik),c8y_Position.AxisZPosition,47.34049,mm
2022-03-30T15:56:20.042+02:00,149212009,IGH-Validierungsplattform (nsu=SinumerikVarProvider;s=Sinumerik),c8y_Position.AxisZPosition,40.05116,mm
2022-03-30T15:56:20.242+02:00,149212009,IGH-Validierungsplattform (nsu=SinumerikVarProvider;s=Sinumerik),c8y_Position.AxisZPosition,38.37901,mm
2022-03-30T15:56:20.842+02:00,149212009,IGH-Validierungsplattform (nsu=SinumerikVarProvider;s=Sinumerik),c8y_Position.AxisZPosition,36.24527,mm
2022-03-30T15:56:21.443+02:00,149212009,IGH-Validierungsplattform (nsu=SinumerikVarProvider;s=Sinumerik),c8y_Position.AxisZPosition,33.04486,mm
2022-03-30T15:56:22.043+02:00,149212009,IGH-Validierungsplattform (nsu=SinumerikVarProvider;s=Sinumerik),c8y_Position.AxisZPosition,30.11112,mm
2022-03-30T15:56:26.050+02:00,149212009,IGH-Validierungsplattform (nsu=SinumerikVarProvider;s=Sinumerik),c8y_Position.AxisXPosition,28.08398,mm
2022-03-30T15:56:26.752+02:00,149212009,IGH-Validierungsplattform (nsu=SinumerikVarProvider;s=Sinumerik),c8y_Position.AxisXPosition,25.9226,mm
2022-03-30T15:56:27.452+02:00,149212009,IGH-Validierungsplattform (nsu=SinumerikVarProvider;s=Sinumerik),c8y_Position.AxisXPosition,20.38717,mm
2022-03-30T15:56:27.652+02:00,149212009,IGH-Validierungsplattform (nsu=SinumerikVarProvider;s=Sinumerik),c8y_Position.AxisXPosition,18.08154,mm
2022-03-30T15:56:29.053+02:00,149212009,IGH-Validierungsplattform (nsu=SinumerikVarProvider;s=Sinumerik),c8y_Position.AxisYPosition,11.33913,mm
2022-03-30T15:56:29.754+02:00,149212009,IGH-Validierungsplattform (nsu=SinumerikVarProvider;s=Sinumerik),c8y_Position.AxisYPosition,8.3122,mm
2022-03-30T15:56:30.354+02:00,149212009,IGH-Validierungsplattform (nsu=SinumerikVarProvider;s=Sinumerik),c8y_Position.AxisYPosition,6.53894,mm
2022-03-30T15:56:30.855+02:00,149212009,IGH-Validierungsplattform (nsu=SinumerikVarProvider;s=Sinumerik),c8y_Position.AxisYPosition,3.64321,mm
2022-03-30T15:56:31.355+02:00,149212009,IGH-Validierungsplattform (nsu=SinumerikVarProvider;s=Sinumerik),c8y_Position.AxisYPosition,0.17572,mm
2022-03-30T15:56:32.164+02:00,149212009,IGH-Validierungsplattform (nsu=SinumerikVarProvider;s=Sinumerik),c8y_Position.AxisYPosition,-3.95842,mm
2022-03-30T15:56:32.759+02:00,149212009,IGH-Validierungsplattform (nsu=SinumerikVarProvider;s=Sinumerik),c8y_Position.AxisYPosition,-4.89216,mm
2022-03-30T15:56:37.254+02:00,149212009,IGH-Validierungsplattform (nsu=SinumerikVarProvider;s=Sinumerik),c8y_Position.AxisZPosition,30.01112,mm
2022-03-30T15:56:37.754+02:00,149212009,IGH-Validierungsplattform (nsu=SinumerikVarProvider;s=Sinumerik),c8y_Position.AxisZPosition,29.81112,mm
2022-03-30T15:56:41.834+02:00,149212009,IGH-Validierungsplattform (nsu=SinumerikVarProvider;s=Sinumerik),c8y_Position.AxisZPosition,29.61112,mm
2022-03-30T15:56:42.433+02:00,149212009,IGH-Validierungsplattform (nsu=SinumerikVarProvider;s=Sinumerik),c8y_Position.AxisZPosition,29.51112,mm
2022-03-30T15:56:45.931+02:00,149212009,IGH-Validierungsplattform (nsu=SinumerikVarProvider;s=Sinumerik),c8y_Position.AxisZPosition,29.41112,mm
2022-03-30T15:56:46.331+02:00,149212009,IGH-Validierungsplattform (nsu=SinumerikVarProvider;s=Sinumerik),c8y_Position.AxisZPosition,29.31112,mm
2022-03-30T15:56:46.930+02:00,149212009,IGH-Validierungsplattform (nsu=SinumerikVarProvider;s=Sinumerik),c8y_Position.AxisZPosition,29.11112,mm
2022-03-30T15:56:47.529+02:00,149212009,IGH-Validierungsplattform (nsu=SinumerikVarProvider;s=Sinumerik),c8y_Position.AxisZPosition,28.91112,mm
2022-03-30T15:56:48.134+02:00,149212009,IGH-Validierungsplattform (nsu=SinumerikVarProvider;s=Sinumerik),c8y_Position.AxisZPosition,28.71112,mm
2022-03-30T15:56:48.429+02:00,149212009,IGH-Validierungsplattform (nsu=SinumerikVarProvider;s=Sinumerik),c8y_Position.AxisZPosition,28.61112,mm
2022-03-30T15:56:49.230+02:00,149212009,IGH-Validierungsplattform (nsu=SinumerikVarProvider;s=Sinumerik),c8y_Position.AxisZPosition,28.41112,mm
2022-03-30T15:57:10.779+02:00,149212009,IGH-Validierungsplattform (nsu=SinumerikVarProvider;s=Sinumerik),c8y_Position.AxisZPosition,28.51112,mm
2022-03-30T15:57:13.279+02:00,149212009,IGH-Validierungsplattform (nsu=SinumerikVarProvider;s=Sinumerik),c8y_Position.AxisZPosition,28.6222,mm
2022-03-30T15:57:14.079+02:00,149212009,IGH-Validierungsplattform (nsu=SinumerikVarProvider;s=Sinumerik),c8y_Position.AxisZPosition,38.79497,mm
2022-03-30T15:57:14.679+02:00,149212009,IGH-Validierungsplattform (nsu=SinumerikVarProvider;s=Sinumerik),c8y_Position.AxisZPosition,46.39619,mm
2022-03-30T15:57:15.079+02:00,149212009,IGH-Validierungsplattform (nsu=SinumerikVarProvider;s=Sinumerik),c8y_Position.AxisZPosition,50.96936,mm
2022-03-30T15:57:20.947+02:00,149212009,IGH-Validierungsplattform (nsu=SinumerikVarProvider;s=Sinumerik),c8y_Position.AxisXPosition,-33.41846,mm
2022-03-30T15:57:20.947+02:00,149212009,IGH-Validierungsplattform (nsu=SinumerikVarProvider;s=Sinumerik),c8y_Position.AxisYPosition,86.10784,mm
2022-03-30T15:57:21.145+02:00,149212009,IGH-Validierungsplattform (nsu=SinumerikVarProvider;s=Sinumerik),c8y_Position.AxisZPosition,210.66721,mm
2022-03-30T15:57:21.651+02:00,149212009,IGH-Validierungsplattform (nsu=SinumerikVarProvider;s=Sinumerik),c8y_Position.AxisZPosition,219.8137,mm
2022-03-30T15:57:22.151+02:00,149212009,IGH-Validierungsplattform (nsu=SinumerikVarProvider;s=Sinumerik),c8y_Position.AxisZPosition,288.66486,mm
2022-03-30T15:57:22.263+02:00,149212009,IGH-Validierungsplattform (nsu=SinumerikVarProvider;s=Sinumerik),c8y_Position.AxisZPosition,290.1,mm
2022-03-30T15:57:22.750+02:00,149212009,IGH-Validierungsplattform (nsu=SinumerikVarProvider;s=Sinumerik),c8y_Position.AxisYPosition,170.3821,mm
2022-03-30T15:57:24.550+02:00,149212009,IGH-Validierungsplattform (nsu=SinumerikVarProvider;s=Sinumerik),c8y_Position.AxisZPosition,52.95362,mm
2022-03-30T15:57:24.550+02:00,149212009,IGH-Validierungsplattform (nsu=SinumerikVarProvider;s=Sinumerik),c8y_Position.AxisYPosition,53.64941,mm
2022-03-30T15:57:24.550+02:00,149212009,IGH-Validierungsplattform (nsu=SinumerikVarProvider;s=Sinumerik),c8y_Position.AxisXPosition,64.9601,mm
2022-03-30T15:57:24.948+02:00,149212009,IGH-Validierungsplattform (nsu=SinumerikVarProvider;s=Sinumerik),c8y_Position.AxisZPosition,35.37702,mm
2022-03-30T15:57:24.948+02:00,149212009,IGH-Validierungsplattform (nsu=SinumerikVarProvider;s=Sinumerik),c8y_Position.AxisYPosition,35.78809,mm
2022-03-30T15:57:24.948+02:00,149212009,IGH-Validierungsplattform (nsu=SinumerikVarProvider;s=Sinumerik),c8y_Position.AxisXPosition,34.28646,mm
2022-03-30T15:57:25.653+02:00,149212009,IGH-Validierungsplattform (nsu=SinumerikVarProvider;s=Sinumerik),c8y_Position.AxisYPosition,10.09883,mm
2022-03-30T15:57:25.653+02:00,149212009,IGH-Validierungsplattform (nsu=SinumerikVarProvider;s=Sinumerik),c8y_Position.AxisZPosition,10.09726,mm
2022-03-30T15:57:25.653+02:00,149212009,IGH-Validierungsplattform (nsu=SinumerikVarProvider;s=Sinumerik),c8y_Position.AxisXPosition,-9.83027,mm
2022-03-30T15:57:25.747+02:00,149212009,IGH-Validierungsplattform (nsu=SinumerikVarProvider;s=Sinumerik),c8y_Position.AxisXPosition,-10.0,mm
2022-03-30T15:57:26.247+02:00,149212009,IGH-Validierungsplattform (nsu=SinumerikVarProvider;s=Sinumerik),c8y_Position.AxisZPosition,2.0,mm
2022-03-30T15:57:26.247+02:00,149212009,IGH-Validierungsplattform (nsu=SinumerikVarProvider;s=Sinumerik),c8y_Position.AxisYPosition,9.99947,mm
2022-03-30T15:57:26.749+02:00,149212009,IGH-Validierungsplattform (nsu=SinumerikVarProvider;s=Sinumerik),c8y_Position.AxisYPosition,5.98896,mm
2022-03-30T15:57:27.248+02:00,149212009,IGH-Validierungsplattform (nsu=SinumerikVarProvider;s=Sinumerik),c8y_Position.AxisYPosition,-3.70476,mm
2022-03-30T15:57:27.648+02:00,149212009,IGH-Validierungsplattform (nsu=SinumerikVarProvider;s=Sinumerik),c8y_Position.AxisYPosition,-8.0,mm
2022-03-30T15:57:27.748+02:00,149212009,IGH-Validierungsplattform (nsu=SinumerikVarProvider;s=Sinumerik),c8y_Position.AxisZPosition,1.98223,mm
2022-03-30T15:57:29.050+02:00,149212009,IGH-Validierungsplattform (nsu=SinumerikVarProvider;s=Sinumerik),c8y_Position.AxisZPosition,0.14922,mm
2022-03-30T15:57:29.147+02:00,149212009,IGH-Validierungsplattform (nsu=SinumerikVarProvider;s=Sinumerik),c8y_Position.AxisZPosition,0.0,mm
2022-03-30T15:57:29.548+02:00,149212009,IGH-Validierungsplattform (nsu=SinumerikVarProvider;s=Sinumerik),c8y_Position.AxisXPosition,-8.8868,mm
2022-03-30T15:57:30.048+02:00,149212009,IGH-Validierungsplattform (nsu=SinumerikVarProvider;s=Sinumerik),c8y_Position.AxisXPosition,-5.689,mm
2022-03-30T15:57:30.549+02:00,149212009,IGH-Validierungsplattform (nsu=SinumerikVarProvider;s=Sinumerik),c8y_Position.AxisXPosition,-1.189,mm
2022-03-30T15:57:31.049+02:00,149212009,IGH-Validierungsplattform (nsu=SinumerikVarProvider;s=Sinumerik),c8y_Position.AxisXPosition,3.311,mm
2022-03-30T15:57:31.554+02:00,149212009,IGH-Validierungsplattform (nsu=SinumerikVarProvider;s=Sinumerik),c8y_Position.AxisXPosition,7.74881,mm
2022-03-30T15:57:32.757+02:00,149212009,IGH-Validierungsplattform (nsu=SinumerikVarProvider;s=Sinumerik),c8y_Position.AxisXPosition,17.94881,mm
2022-03-30T15:57:33.458+02:00,149212009,IGH-Validierungsplattform (nsu=SinumerikVarProvider;s=Sinumerik),c8y_Position.AxisXPosition,23.89881,mm
2022-03-30T15:57:33.959+02:00,149212009,IGH-Validierungsplattform (nsu=SinumerikVarProvider;s=Sinumerik),c8y_Position.AxisXPosition,28.18281,mm
2022-03-30T15:57:34.459+02:00,149212009,IGH-Validierungsplattform (nsu=SinumerikVarProvider;s=Sinumerik),c8y_Position.AxisXPosition,32.43282,mm
2022-03-30T15:57:34.959+02:00,149212009,IGH-Validierungsplattform (nsu=SinumerikVarProvider;s=Sinumerik),c8y_Position.AxisXPosition,36.68282,mm
2022-03-30T15:57:35.460+02:00,149212009,IGH-Validierungsplattform (nsu=SinumerikVarProvider;s=Sinumerik),c8y_Position.AxisXPosition,40.93282,mm
2022-03-30T15:57:36.661+02:00,149212009,IGH-Validierungsplattform (nsu=SinumerikVarProvider;s=Sinumerik),c8y_Position.AxisXPosition,52.13718,mm
2022-03-30T15:57:37.461+02:00,149212009,IGH-Validierungsplattform (nsu=SinumerikVarProvider;s=Sinumerik),c8y_Position.AxisXPosition,59.73718,mm
2022-03-30T15:57:37.961+02:00,149212009,IGH-Validierungsplattform (nsu=SinumerikVarProvider;s=Sinumerik),c8y_Position.AxisXPosition,64.48718,mm
2022-03-30T15:57:38.460+02:00,149212009,IGH-Validierungsplattform (nsu=SinumerikVarProvider;s=Sinumerik),c8y_Position.AxisXPosition,69.23718,mm
2022-03-30T15:57:38.967+02:00,149212009,IGH-Validierungsplattform (nsu=SinumerikVarProvider;s=Sinumerik),c8y_Position.AxisXPosition,74.18337,mm
2022-03-30T15:57:39.695+02:00,149212009,IGH-Validierungsplattform (nsu=SinumerikVarProvider;s=Sinumerik),c8y_Position.AxisXPosition,81.18337,mm
2022-03-30T15:57:40.160+02:00,149212009,IGH-Validierungsplattform (nsu=SinumerikVarProvider;s=Sinumerik),c8y_Position.AxisXPosition,86.18337,mm
2022-03-30T15:57:41.362+02:00,149212009,IGH-Validierungsplattform (nsu=SinumerikVarProvider;s=Sinumerik),c8y_Position.AxisXPosition,98.18337,mm
2022-03-30T15:57:41.962+02:00,149212009,IGH-Validierungsplattform (nsu=SinumerikVarProvider;s=Sinumerik),c8y_Position.AxisXPosition,104.18337,mm
2022-03-30T15:57:42.561+02:00,149212009,IGH-Validierungsplattform (nsu=SinumerikVarProvider;s=Sinumerik),c8y_Position.AxisXPosition,110.18337,mm
2022-03-30T15:57:43.061+02:00,149212009,IGH-Validierungsplattform (nsu=SinumerikVarProvider;s=Sinumerik),c8y_Position.AxisXPosition,115.0,mm
2022-03-30T15:57:43.261+02:00,149212009,IGH-Validierungsplattform (nsu=SinumerikVarProvider;s=Sinumerik),c8y_Position.AxisZPosition,2.0,mm
2022-03-30T15:57:43.561+02:00,149212009,IGH-Validierungsplattform (nsu=SinumerikVarProvider;s=Sinumerik),c8y_Position.AxisYPosition,-12.5039,mm
2022-03-30T15:57:43.561+02:00,149212009,IGH-Validierungsplattform (nsu=SinumerikVarProvider;s=Sinumerik),c8y_Position.AxisXPosition,44.62649,mm
2022-03-30T15:57:43.864+02:00,149212009,IGH-Validierungsplattform (nsu=SinumerikVarProvider;s=Sinumerik),c8y_Position.AxisYPosition,-16.0,mm
2022-03-30T15:57:43.864+02:00,149212009,IGH-Validierungsplattform (nsu=SinumerikVarProvider;s=Sinumerik),c8y_Position.AxisXPosition,-10.0,mm
2022-03-30T15:57:44.062+02:00,149212009,IGH-Validierungsplattform (nsu=SinumerikVarProvider;s=Sinumerik),c8y_Position.AxisZPosition,0.30284,mm
2022-03-30T15:57:44.162+02:00,149212009,IGH-Validierungsplattform (nsu=SinumerikVarProvider;s=Sinumerik),c8y_Position.AxisZPosition,0.0,mm
2022-03-30T15:57:44.562+02:00,149212009,IGH-Validierungsplattform (nsu=SinumerikVarProvider;s=Sinumerik),c8y_Position.AxisXPosition,-5.74284,mm
2022-03-30T15:57:45.460+02:00,149212009,IGH-Validierungsplattform (nsu=SinumerikVarProvider;s=Sinumerik),c8y_Position.AxisXPosition,3.25716,mm
2022-03-30T15:57:46.160+02:00,149212009,IGH-Validierungsplattform (nsu=SinumerikVarProvider;s=Sinumerik),c8y_Position.AxisXPosition,10.25716,mm
2022-03-30T15:57:46.661+02:00,149212009,IGH-Validierungsplattform (nsu=SinumerikVarProvider;s=Sinumerik),c8y_Position.AxisXPosition,15.25716,mm
2022-03-30T15:57:47.158+02:00,149212009,IGH-Validierungsplattform (nsu=SinumerikVarProvider;s=Sinumerik),c8y_Position.AxisXPosition,20.25716,mm
2022-03-30T15:57:47.658+02:00,149212009,IGH-Validierungsplattform (nsu=SinumerikVarProvider;s=Sinumerik),c8y_Position.AxisXPosition,25.25716,mm
2022-03-30T15:57:48.257+02:00,149212009,IGH-Validierungsplattform (nsu=SinumerikVarProvider;s=Sinumerik),c8y_Position.AxisXPosition,31.25716,mm
2022-03-30T15:57:49.456+02:00,149212009,IGH-Validierungsplattform (nsu=SinumerikVarProvider;s=Sinumerik),c8y_Position.AxisXPosition,43.25716,mm
2022-03-30T15:57:50.156+02:00,149212009,IGH-Validierungsplattform (nsu=SinumerikVarProvider;s=Sinumerik),c8y_Position.AxisXPosition,50.25716,mm
2022-03-30T15:57:50.962+02:00,149212009,IGH-Validierungsplattform (nsu=SinumerikVarProvider;s=Sinumerik),c8y_Position.AxisXPosition,58.29716,mm
2022-03-30T15:57:51.458+02:00,149212009,IGH-Validierungsplattform (nsu=SinumerikVarProvider;s=Sinumerik),c8y_Position.AxisXPosition,63.29716,mm
2022-03-30T15:57:51.960+02:00,149212009,IGH-Validierungsplattform (nsu=SinumerikVarProvider;s=Sinumerik),c8y_Position.AxisXPosition,68.29716,mm
2022-03-30T15:57:52.461+02:00,149212009,IGH-Validierungsplattform (nsu=SinumerikVarProvider;s=Sinumerik),c8y_Position.AxisXPosition,73.33716,mm
2022-03-30T15:57:53.563+02:00,149212009,IGH-Validierungsplattform (nsu=SinumerikVarProvider;s=Sinumerik),c8y_Position.AxisXPosition,84.33716,mm
2022-03-30T15:57:54.166+02:00,149212009,IGH-Validierungsplattform (nsu=SinumerikVarProvider;s=Sinumerik),c8y_Position.AxisXPosition,90.37716,mm
2022-03-30T15:57:54.664+02:00,149212009,IGH-Validierungsplattform (nsu=SinumerikVarProvider;s=Sinumerik),c8y_Position.AxisXPosition,95.37716,mm
2022-03-30T15:57:55.164+02:00,149212009,IGH-Validierungsplattform (nsu=SinumerikVarProvider;s=Sinumerik),c8y_Position.AxisXPosition,100.37716,mm
2022-03-30T15:57:55.667+02:00,149212009,IGH-Validierungsplattform (nsu=SinumerikVarProvider;s=Sinumerik),c8y_Position.AxisXPosition,105.37716,mm
2022-03-30T15:57:56.168+02:00,149212009,IGH-Validierungsplattform (nsu=SinumerikVarProvider;s=Sinumerik),c8y_Position.AxisXPosition,110.41716,mm
2022-03-30T15:57:56.667+02:00,149212009,IGH-Validierungsplattform (nsu=SinumerikVarProvider;s=Sinumerik),c8y_Position.AxisZPosition,0.0144,mm
2022-03-30T15:57:56.667+02:00,149212009,IGH-Validierungsplattform (nsu=SinumerikVarProvider;s=Sinumerik),c8y_Position.AxisXPosition,115.0,mm
2022-03-30T15:57:57.467+02:00,149212009,IGH-Validierungsplattform (nsu=SinumerikVarProvider;s=Sinumerik),c8y_Position.AxisYPosition,-24.0,mm
2022-03-30T15:57:57.779+02:00,149212009,IGH-Validierungsplattform (nsu=SinumerikVarProvider;s=Sinumerik),c8y_Position.AxisZPosition,0.0,mm
2022-03-30T15:57:58.070+02:00,149212009,IGH-Validierungsplattform (nsu=SinumerikVarProvider;s=Sinumerik),c8y_Position.AxisXPosition,-6.54284,mm
2022-03-30T15:57:58.871+02:00,149212009,IGH-Validierungsplattform (nsu=SinumerikVarProvider;s=Sinumerik),c8y_Position.AxisXPosition,1.49716,mm
2022-03-30T15:57:59.372+02:00,149212009,IGH-Validierungsplattform (nsu=SinumerikVarProvider;s=Sinumerik),c8y_Position.AxisXPosition,6.49716,mm
2022-03-30T15:57:59.870+02:00,149212009,IGH-Validierungsplattform (nsu=SinumerikVarProvider;s=Sinumerik),c8y_Position.AxisXPosition,11.49716,mm
2022-03-30T15:58:00.414+02:00,149212009,IGH-Validierungsplattform (nsu=SinumerikVarProvider;s=Sinumerik),c8y_Position.AxisXPosition,16.49716,mm
2022-03-30T15:58:00.873+02:00,149212009,IGH-Validierungsplattform (nsu=SinumerikVarProvider;s=Sinumerik),c8y_Position.AxisXPosition,21.49716,mm
2022-03-30T15:58:02.273+02:00,149212009,IGH-Validierungsplattform (nsu=SinumerikVarProvider;s=Sinumerik),c8y_Position.AxisXPosition,35.53716,mm
2022-03-30T15:58:02.972+02:00,149212009,IGH-Validierungsplattform (nsu=SinumerikVarProvider;s=Sinumerik),c8y_Position.AxisXPosition,42.53716,mm
2022-03-30T15:58:03.472+02:00,149212009,IGH-Validierungsplattform (nsu=SinumerikVarProvider;s=Sinumerik),c8y_Position.AxisXPosition,47.53716,mm
2022-03-30T15:58:03.970+02:00,149212009,IGH-Validierungsplattform (nsu=SinumerikVarProvider;s=Sinumerik),c8y_Position.AxisXPosition,52.53716,mm
2022-03-30T15:58:04.470+02:00,149212009,IGH-Validierungsplattform (nsu=SinumerikVarProvider;s=Sinumerik),c8y_Position.AxisXPosition,57.53716,mm
2022-03-30T15:58:04.973+02:00,149212009,IGH-Validierungsplattform (nsu=SinumerikVarProvider;s=Sinumerik),c8y_Position.AxisXPosition,62.57716,mm
2022-03-30T15:58:06.271+02:00,149212009,IGH-Validierungsplattform (nsu=SinumerikVarProvider;s=Sinumerik),c8y_Position.AxisXPosition,75.57716,mm
2022-03-30T15:58:07.075+02:00,149212009,IGH-Validierungsplattform (nsu=SinumerikVarProvider;s=Sinumerik),c8y_Position.AxisXPosition,83.61716,mm
2022-03-30T15:58:07.580+02:00,149212009,IGH-Validierungsplattform (nsu=SinumerikVarProvider;s=Sinumerik),c8y_Position.AxisXPosition,88.61716,mm
2022-03-30T15:58:08.177+02:00,149212009,IGH-Validierungsplattform (nsu=SinumerikVarProvider;s=Sinumerik),c8y_Position.AxisXPosition,94.65716,mm
2022-03-30T15:58:08.577+02:00,149212009,IGH-Validierungsplattform (nsu=SinumerikVarProvider;s=Sinumerik),c8y_Position.AxisXPosition,98.65716,mm
2022-03-30T15:58:09.076+02:00,149212009,IGH-Validierungsplattform (nsu=SinumerikVarProvider;s=Sinumerik),c8y_Position.AxisXPosition,103.65716,mm
2022-03-30T15:58:10.379+02:00,149212009,IGH-Validierungsplattform (nsu=SinumerikVarProvider;s=Sinumerik),c8y_Position.AxisZPosition,2.0,mm
2022-03-30T15:58:10.579+02:00,149212009,IGH-Validierungsplattform (nsu=SinumerikVarProvider;s=Sinumerik),c8y_Position.AxisYPosition,-26.0719,mm
2022-03-30T15:58:10.579+02:00,149212009,IGH-Validierungsplattform (nsu=SinumerikVarProvider;s=Sinumerik),c8y_Position.AxisXPosition,82.62649,mm
2022-03-30T15:58:11.079+02:00,149212009,IGH-Validierungsplattform (nsu=SinumerikVarProvider;s=Sinumerik),c8y_Position.AxisZPosition,1.86284,mm
2022-03-30T15:58:11.079+02:00,149212009,IGH-Validierungsplattform (nsu=SinumerikVarProvider;s=Sinumerik),c8y_Position.AxisXPosition,-10.0,mm
2022-03-30T15:58:11.079+02:00,149212009,IGH-Validierungsplattform (nsu=SinumerikVarProvider;s=Sinumerik),c8y_Position.AxisYPosition,-32.0,mm
2022-03-30T15:58:11.279+02:00,149212009,IGH-Validierungsplattform (nsu=SinumerikVarProvider;s=Sinumerik),c8y_Position.AxisZPosition,0.0,mm
2022-03-30T15:58:11.680+02:00,149212009,IGH-Validierungsplattform (nsu=SinumerikVarProvider;s=Sinumerik),c8y_Position.AxisXPosition,-6.30284,mm
2022-03-30T15:58:12.279+02:00,149212009,IGH-Validierungsplattform (nsu=SinumerikVarProvider;s=Sinumerik),c8y_Position.AxisXPosition,-0.30284,mm
2022-03-30T15:58:12.779+02:00,149212009,IGH-Validierungsplattform (nsu=SinumerikVarProvider;s=Sinumerik),c8y_Position.AxisXPosition,4.69716,mm
2022-03-30T15:58:13.279+02:00,149212009,IGH-Validierungsplattform (nsu=SinumerikVarProvider;s=Sinumerik),c8y_Position.AxisXPosition,9.69716,mm
2022-03-30T15:58:13.780+02:00,149212009,IGH-Validierungsplattform (nsu=SinumerikVarProvider;s=Sinumerik),c8y_Position.AxisXPosition,14.69716,mm
2022-03-30T15:58:14.979+02:00,149212009,IGH-Validierungsplattform (nsu=SinumerikVarProvider;s=Sinumerik),c8y_Position.AxisXPosition,26.69716,mm
2022-03-30T15:58:15.579+02:00,149212009,IGH-Validierungsplattform (nsu=SinumerikVarProvider;s=Sinumerik),c8y_Position.AxisXPosition,32.73716,mm
2022-03-30T15:58:16.083+02:00,149212009,IGH-Validierungsplattform (nsu=SinumerikVarProvider;s=Sinumerik),c8y_Position.AxisXPosition,37.73716,mm
2022-03-30T15:58:16.582+02:00,149212009,IGH-Validierungsplattform (nsu=SinumerikVarProvider;s=Sinumerik),c8y_Position.AxisXPosition,42.73716,mm
2022-03-30T15:58:17.183+02:00,149212009,IGH-Validierungsplattform (nsu=SinumerikVarProvider;s=Sinumerik),c8y_Position.AxisXPosition,48.73716,mm
2022-03-30T15:58:17.583+02:00,149212009,IGH-Validierungsplattform (nsu=SinumerikVarProvider;s=Sinumerik),c8y_Position.AxisXPosition,52.73716,mm
2022-03-30T15:58:18.885+02:00,149212009,IGH-Validierungsplattform (nsu=SinumerikVarProvider;s=Sinumerik),c8y_Position.AxisXPosition,65.77716,mm
2022-03-30T15:58:19.486+02:00,149212009,IGH-Validierungsplattform (nsu=SinumerikVarProvider;s=Sinumerik),c8y_Position.AxisXPosition,71.77716,mm
2022-03-30T15:58:19.989+02:00,149212009,IGH-Validierungsplattform (nsu=SinumerikVarProvider;s=Sinumerik),c8y_Position.AxisXPosition,76.77716,mm
2022-03-30T15:58:20.489+02:00,149212009,IGH-Validierungsplattform (nsu=SinumerikVarProvider;s=Sinumerik),c8y_Position.AxisXPosition,81.77716,mm
2022-03-30T15:58:21.012+02:00,149212009,IGH-Validierungsplattform (nsu=SinumerikVarProvider;s=Sinumerik),c8y_Position.AxisXPosition,86.81716,mm
2022-03-30T15:58:21.491+02:00,149212009,IGH-Validierungsplattform (nsu=SinumerikVarProvider;s=Sinumerik),c8y_Position.AxisXPosition,91.81716,mm
2022-03-30T15:58:22.699+02:00,149212009,IGH-Validierungsplattform (nsu=SinumerikVarProvider;s=Sinumerik),c8y_Position.AxisXPosition,103.89716,mm
2022-03-30T15:58:23.204+02:00,149212009,IGH-Validierungsplattform (nsu=SinumerikVarProvider;s=Sinumerik),c8y_Position.AxisXPosition,108.89716,mm
2022-03-30T15:58:24.004+02:00,149212009,IGH-Validierungsplattform (nsu=SinumerikVarProvider;s=Sinumerik),c8y_Position.AxisZPosition,2.0,mm
2022-03-30T15:58:24.404+02:00,149212009,IGH-Validierungsplattform (nsu=SinumerikVarProvider;s=Sinumerik),c8y_Position.AxisYPosition,-37.6559,mm
2022-03-30T15:58:24.404+02:00,149212009,IGH-Validierungsplattform (nsu=SinumerikVarProvider;s=Sinumerik),c8y_Position.AxisXPosition,26.62649,mm
2022-03-30T15:58:24.705+02:00,149212009,IGH-Validierungsplattform (nsu=SinumerikVarProvider;s=Sinumerik),c8y_Position.AxisYPosition,-40.0,mm
2022-03-30T15:58:24.904+02:00,149212009,IGH-Validierungsplattform (nsu=SinumerikVarProvider;s=Sinumerik),c8y_Position.AxisZPosition,0.0,mm
2022-03-30T15:58:25.205+02:00,149212009,IGH-Validierungsplattform (nsu=SinumerikVarProvider;s=Sinumerik),c8y_Position.AxisXPosition,-7.06284,mm
2022-03-30T15:58:25.706+02:00,149212009,IGH-Validierungsplattform (nsu=SinumerikVarProvider;s=Sinumerik),c8y_Position.AxisXPosition,-2.02284,mm
2022-03-30T15:58:26.206+02:00,149212009,IGH-Validierungsplattform (nsu=SinumerikVarProvider;s=Sinumerik),c8y_Position.AxisXPosition,2.97716,mm
2022-03-30T15:58:26.707+02:00,149212009,IGH-Validierungsplattform (nsu=SinumerikVarProvider;s=Sinumerik),c8y_Position.AxisXPosition,7.97716,mm
2022-03-30T15:58:27.614+02:00,149212009,IGH-Validierungsplattform (nsu=SinumerikVarProvider;s=Sinumerik),c8y_Position.AxisXPosition,16.97716,mm
2022-03-30T15:58:28.412+02:00,149212009,IGH-Validierungsplattform (nsu=SinumerikVarProvider;s=Sinumerik),c8y_Position.AxisXPosition,25.01716,mm
2022-03-30T15:58:28.913+02:00,149212009,IGH-Validierungsplattform (nsu=SinumerikVarProvider;s=Sinumerik),c8y_Position.AxisXPosition,30.01716,mm
2022-03-30T15:58:29.411+02:00,149212009,IGH-Validierungsplattform (nsu=SinumerikVarProvider;s=Sinumerik),c8y_Position.AxisXPosition,35.01716,mm
2022-03-30T15:58:29.911+02:00,149212009,IGH-Validierungsplattform (nsu=SinumerikVarProvider;s=Sinumerik),c8y_Position.AxisXPosition,40.01716,mm
2022-03-30T15:58:30.412+02:00,149212009,IGH-Validierungsplattform (nsu=SinumerikVarProvider;s=Sinumerik),c8y_Position.AxisXPosition,45.01716,mm
2022-03-30T15:58:31.716+02:00,149212009,IGH-Validierungsplattform (nsu=SinumerikVarProvider;s=Sinumerik),c8y_Position.AxisXPosition,58.01716,mm
2022-03-30T15:58:32.417+02:00,149212009,IGH-Validierungsplattform (nsu=SinumerikVarProvider;s=Sinumerik),c8y_Position.AxisXPosition,65.01716,mm
2022-03-30T15:58:32.916+02:00,149212009,IGH-Validierungsplattform (nsu=SinumerikVarProvider;s=Sinumerik),c8y_Position.AxisXPosition,70.01716,mm
2022-03-30T15:58:33.417+02:00,149212009,IGH-Validierungsplattform (nsu=SinumerikVarProvider;s=Sinumerik),c8y_Position.AxisXPosition,75.05716,mm
2022-03-30T15:58:33.921+02:00,149212009,IGH-Validierungsplattform (nsu=SinumerikVarProvider;s=Sinumerik),c8y_Position.AxisXPosition,80.05716,mm
2022-03-30T15:58:34.421+02:00,149212009,IGH-Validierungsplattform (nsu=SinumerikVarProvider;s=Sinumerik),c8y_Position.AxisXPosition,85.05716,mm
2022-03-30T15:58:34.726+02:00,149212009,IGH-Validierungsplattform (nsu=SinumerikVarProvider;s=Sinumerik),c8y_Position.AxisXPosition,88.05716,mm
2022-03-30T15:58:37.127+02:00,149212009,IGH-Validierungsplattform (nsu=SinumerikVarProvider;s=Sinumerik),c8y_Position.AxisXPosition,112.09716,mm
2022-03-30T15:58:37.528+02:00,149212009,IGH-Validierungsplattform (nsu=SinumerikVarProvider;s=Sinumerik),c8y_Position.AxisXPosition,115.0,mm
2022-03-30T15:58:37.628+02:00,149212009,IGH-Validierungsplattform (nsu=SinumerikVarProvider;s=Sinumerik),c8y_Position.AxisZPosition,2.18293,mm
2022-03-30T15:58:38.428+02:00,149212009,IGH-Validierungsplattform (nsu=SinumerikVarProvider;s=Sinumerik),c8y_Position.AxisZPosition,16.25948,mm
2022-03-30T15:58:38.428+02:00,149212009,IGH-Validierungsplattform (nsu=SinumerikVarProvider;s=Sinumerik),c8y_Position.AxisYPosition,-18.4522,mm
2022-03-30T15:58:38.428+02:00,149212009,IGH-Validierungsplattform (nsu=SinumerikVarProvider;s=Sinumerik),c8y_Position.AxisXPosition,61.13051,mm
2022-03-30T15:58:39.129+02:00,149212009,IGH-Validierungsplattform (nsu=SinumerikVarProvider;s=Sinumerik),c8y_Position.AxisXPosition,-10.0,mm
2022-03-30T15:58:39.330+02:00,149212009,IGH-Validierungsplattform (nsu=SinumerikVarProvider;s=Sinumerik),c8y_Position.AxisZPosition,2.0,mm
2022-03-30T15:58:39.330+02:00,149212009,IGH-Validierungsplattform (nsu=SinumerikVarProvider;s=Sinumerik),c8y_Position.AxisYPosition,7.78224,mm
2022-03-30T15:58:39.830+02:00,149212009,IGH-Validierungsplattform (nsu=SinumerikVarProvider;s=Sinumerik),c8y_Position.AxisZPosition,1.9841,mm
2022-03-30T15:58:39.830+02:00,149212009,IGH-Validierungsplattform (nsu=SinumerikVarProvider;s=Sinumerik),c8y_Position.AxisYPosition,-8.0,mm
2022-03-30T15:58:40.331+02:00,149212009,IGH-Validierungsplattform (nsu=SinumerikVarProvider;s=Sinumerik),c8y_Position.AxisZPosition,0.6505,mm
2022-03-30T15:58:40.531+02:00,149212009,IGH-Validierungsplattform (nsu=SinumerikVarProvider;s=Sinumerik),c8y_Position.AxisZPosition,0.0,mm
2022-03-30T15:58:40.934+02:00,149212009,IGH-Validierungsplattform (nsu=SinumerikVarProvider;s=Sinumerik),c8y_Position.AxisXPosition,-7.37523,mm
2022-03-30T15:58:42.233+02:00,149212009,IGH-Validierungsplattform (nsu=SinumerikVarProvider;s=Sinumerik),c8y_Position.AxisXPosition,4.42987,mm
2022-03-30T15:58:42.833+02:00,149212009,IGH-Validierungsplattform (nsu=SinumerikVarProvider;s=Sinumerik),c8y_Position.AxisXPosition,10.42987,mm
2022-03-30T15:58:43.433+02:00,149212009,IGH-Validierungsplattform (nsu=SinumerikVarProvider;s=Sinumerik),c8y_Position.AxisXPosition,16.42987,mm
2022-03-30T15:58:43.934+02:00,149212009,IGH-Validierungsplattform (nsu=SinumerikVarProvider;s=Sinumerik),c8y_Position.AxisXPosition,21.46987,mm
2022-03-30T15:58:44.464+02:00,149212009,IGH-Validierungsplattform (nsu=SinumerikVarProvider;s=Sinumerik),c8y_Position.AxisXPosition,26.46987,mm
2022-03-30T15:58:45.037+02:00,149212009,IGH-Validierungsplattform (nsu=SinumerikVarProvider;s=Sinumerik),c8y_Position.AxisXPosition,32.46987,mm
2022-03-30T15:58:46.036+02:00,149212009,IGH-Validierungsplattform (nsu=SinumerikVarProvider;s=Sinumerik),c8y_Position.AxisXPosition,42.46987,mm
2022-03-30T15:58:47.036+02:00,149212009,IGH-Validierungsplattform (nsu=SinumerikVarProvider;s=Sinumerik),c8y_Position.AxisXPosition,52.46987,mm
2022-03-30T15:58:47.336+02:00,149212009,IGH-Validierungsplattform (nsu=SinumerikVarProvider;s=Sinumerik),c8y_Position.AxisXPosition,55.46987,mm
2022-03-30T15:58:47.836+02:00,149212009,IGH-Validierungsplattform (nsu=SinumerikVarProvider;s=Sinumerik),c8y_Position.AxisXPosition,60.46987,mm
2022-03-30T15:58:48.336+02:00,149212009,IGH-Validierungsplattform (nsu=SinumerikVarProvider;s=Sinumerik),c8y_Position.AxisXPosition,65.50987,mm
2022-03-30T15:58:48.837+02:00,149212009,IGH-Validierungsplattform (nsu=SinumerikVarProvider;s=Sinumerik),c8y_Position.AxisXPosition,70.50987,mm
2022-03-30T15:58:49.439+02:00,149212009,IGH-Validierungsplattform (nsu=SinumerikVarProvider;s=Sinumerik),c8y_Position.AxisXPosition,76.50987,mm
2022-03-30T15:58:50.437+02:00,149212009,IGH-Validierungsplattform (nsu=SinumerikVarProvider;s=Sinumerik),c8y_Position.AxisXPosition,86.50987,mm
2022-03-30T15:58:51.237+02:00,149212009,IGH-Validierungsplattform (nsu=SinumerikVarProvider;s=Sinumerik),c8y_Position.AxisXPosition,94.50987,mm
2022-03-30T15:58:51.737+02:00,149212009,IGH-Validierungsplattform (nsu=SinumerikVarProvider;s=Sinumerik),c8y_Position.AxisXPosition,99.54987,mm
2022-03-30T15:58:52.336+02:00,149212009,IGH-Validierungsplattform (nsu=SinumerikVarProvider;s=Sinumerik),c8y_Position.AxisXPosition,105.54987,mm
2022-03-30T15:58:52.836+02:00,149212009,IGH-Validierungsplattform (nsu=SinumerikVarProvider;s=Sinumerik),c8y_Position.AxisXPosition,110.54987,mm
2022-03-30T15:58:53.238+02:00,149212009,IGH-Validierungsplattform (nsu=SinumerikVarProvider;s=Sinumerik),c8y_Position.AxisXPosition,114.54987,mm
2022-03-30T15:58:53.440+02:00,149212009,IGH-Validierungsplattform (nsu=SinumerikVarProvider;s=Sinumerik),c8y_Position.AxisZPosition,2.0,mm
2022-03-30T15:58:53.763+02:00,149212009,IGH-Validierungsplattform (nsu=SinumerikVarProvider;s=Sinumerik),c8y_Position.AxisYPosition,-11.4799,mm
2022-03-30T15:58:53.763+02:00,149212009,IGH-Validierungsplattform (nsu=SinumerikVarProvider;s=Sinumerik),c8y_Position.AxisXPosition,60.62649,mm
2022-03-30T15:58:54.145+02:00,149212009,IGH-Validierungsplattform (nsu=SinumerikVarProvider;s=Sinumerik),c8y_Position.AxisYPosition,-16.0,mm
2022-03-30T15:58:54.438+02:00,149212009,IGH-Validierungsplattform (nsu=SinumerikVarProvider;s=Sinumerik),c8y_Position.AxisZPosition,0.0,mm
2022-03-30T15:58:55.040+02:00,149212009,IGH-Validierungsplattform (nsu=SinumerikVarProvider;s=Sinumerik),c8y_Position.AxisXPosition,-3.38284,mm
2022-03-30T15:58:55.843+02:00,149212009,IGH-Validierungsplattform (nsu=SinumerikVarProvider;s=Sinumerik),c8y_Position.AxisXPosition,4.65716,mm
2022-03-30T15:58:56.542+02:00,149212009,IGH-Validierungsplattform (nsu=SinumerikVarProvider;s=Sinumerik),c8y_Position.AxisXPosition,11.65716,mm
2022-03-30T15:58:57.042+02:00,149212009,IGH-Validierungsplattform (nsu=SinumerikVarProvider;s=Sinumerik),c8y_Position.AxisXPosition,16.65716,mm
2022-03-30T15:58:57.542+02:00,149212009,IGH-Validierungsplattform (nsu=SinumerikVarProvider;s=Sinumerik),c8y_Position.AxisXPosition,21.65716,mm
2022-03-30T15:58:58.043+02:00,149212009,IGH-Validierungsplattform (nsu=SinumerikVarProvider;s=Sinumerik),c8y_Position.AxisXPosition,26.65716,mm
2022-03-30T15:58:58.642+02:00,149212009,IGH-Validierungsplattform (nsu=SinumerikVarProvider;s=Sinumerik),c8y_Position.AxisXPosition,32.65716,mm
2022-03-30T15:58:59.746+02:00,149212009,IGH-Validierungsplattform (nsu=SinumerikVarProvider;s=Sinumerik),c8y_Position.AxisXPosition,43.69716,mm
2022-03-30T15:59:00.445+02:00,149212009,IGH-Validierungsplattform (nsu=SinumerikVarProvider;s=Sinumerik),c8y_Position.AxisXPosition,50.69716,mm
2022-03-30T15:59:00.946+02:00,149212009,IGH-Validierungsplattform (nsu=SinumerikVarProvider;s=Sinumerik),c8y_Position.AxisXPosition,55.69716,mm
2022-03-30T15:59:01.445+02:00,149212009,IGH-Validierungsplattform (nsu=SinumerikVarProvider;s=Sinumerik),c8y_Position.AxisXPosition,60.69716,mm
2022-03-30T15:59:01.971+02:00,149212009,IGH-Validierungsplattform (nsu=SinumerikVarProvider;s=Sinumerik),c8y_Position.AxisXPosition,65.69716,mm
2022-03-30T15:59:02.446+02:00,149212009,IGH-Validierungsplattform (nsu=SinumerikVarProvider;s=Sinumerik),c8y_Position.AxisXPosition,70.69716,mm
2022-03-30T15:59:03.447+02:00,149212009,IGH-Validierungsplattform (nsu=SinumerikVarProvider;s=Sinumerik),c8y_Position.AxisXPosition,80.73716,mm
2022-03-30T15:59:04.150+02:00,149212009,IGH-Validierungsplattform (nsu=SinumerikVarProvider;s=Sinumerik),c8y_Position.AxisXPosition,87.77716,mm
2022-03-30T15:59:04.751+02:00,149212009,IGH-Validierungsplattform (nsu=SinumerikVarProvider;s=Sinumerik),c8y_Position.AxisXPosition,93.77716,mm
2022-03-30T15:59:05.254+02:00,149212009,IGH-Validierungsplattform (nsu=SinumerikVarProvider;s=Sinumerik),c8y_Position.AxisXPosition,98.77716,mm
2022-03-30T15:59:05.753+02:00,149212009,IGH-Validierungsplattform (nsu=SinumerikVarProvider;s=Sinumerik),c8y_Position.AxisXPosition,103.77716,mm
2022-03-30T15:59:06.253+02:00,149212009,IGH-Validierungsplattform (nsu=SinumerikVarProvider;s=Sinumerik),c8y_Position.AxisXPosition,108.77716,mm
2022-03-30T15:59:06.753+02:00,149212009,IGH-Validierungsplattform (nsu=SinumerikVarProvider;s=Sinumerik),c8y_Position.AxisXPosition,113.77716,mm
2022-03-30T15:59:07.753+02:00,149212009,IGH-Validierungsplattform (nsu=SinumerikVarProvider;s=Sinumerik),c8y_Position.AxisYPosition,-24.0,mm
2022-03-30T15:59:07.953+02:00,149212009,IGH-Validierungsplattform (nsu=SinumerikVarProvider;s=Sinumerik),c8y_Position.AxisZPosition,0.0,mm
2022-03-30T15:59:08.255+02:00,149212009,IGH-Validierungsplattform (nsu=SinumerikVarProvider;s=Sinumerik),c8y_Position.AxisXPosition,-7.14284,mm
2022-03-30T15:59:09.166+02:00,149212009,IGH-Validierungsplattform (nsu=SinumerikVarProvider;s=Sinumerik),c8y_Position.AxisXPosition,1.85716,mm
2022-03-30T15:59:10.257+02:00,149212009,IGH-Validierungsplattform (nsu=SinumerikVarProvider;s=Sinumerik),c8y_Position.AxisXPosition,12.85716,mm
2022-03-30T15:59:10.758+02:00,149212009,IGH-Validierungsplattform (nsu=SinumerikVarProvider;s=Sinumerik),c8y_Position.AxisXPosition,17.89716,mm
2022-03-30T15:59:11.258+02:00,149212009,IGH-Validierungsplattform (nsu=SinumerikVarProvider;s=Sinumerik),c8y_Position.AxisXPosition,22.89716,mm
2022-03-30T15:59:11.761+02:00,149212009,IGH-Validierungsplattform (nsu=SinumerikVarProvider;s=Sinumerik),c8y_Position.AxisXPosition,27.89716,mm
2022-03-30T15:59:12.661+02:00,149212009,IGH-Validierungsplattform (nsu=SinumerikVarProvider;s=Sinumerik),c8y_Position.AxisXPosition,36.89716,mm
2022-03-30T15:59:13.361+02:00,149212009,IGH-Validierungsplattform (nsu=SinumerikVarProvider;s=Sinumerik),c8y_Position.AxisXPosition,43.89716,mm
2022-03-30T15:59:13.864+02:00,149212009,IGH-Validierungsplattform (nsu=SinumerikVarProvider;s=Sinumerik),c8y_Position.AxisXPosition,48.89716,mm
2022-03-30T15:59:14.362+02:00,149212009,IGH-Validierungsplattform (nsu=SinumerikVarProvider;s=Sinumerik),c8y_Position.AxisXPosition,53.89716,mm
2022-03-30T15:59:14.863+02:00,149212009,IGH-Validierungsplattform (nsu=SinumerikVarProvider;s=Sinumerik),c8y_Position.AxisXPosition,58.93716,mm
2022-03-30T15:59:15.467+02:00,149212009,IGH-Validierungsplattform (nsu=SinumerikVarProvider;s=Sinumerik),c8y_Position.AxisXPosition,64.97716,mm
2022-03-30T15:59:16.572+02:00,149212009,IGH-Validierungsplattform (nsu=SinumerikVarProvider;s=Sinumerik),c8y_Position.AxisXPosition,75.97716,mm
2022-03-30T15:59:17.273+02:00,149212009,IGH-Validierungsplattform (nsu=SinumerikVarProvider;s=Sinumerik),c8y_Position.AxisXPosition,83.01716,mm
2022-03-30T15:59:17.673+02:00,149212009,IGH-Validierungsplattform (nsu=SinumerikVarProvider;s=Sinumerik),c8y_Position.AxisXPosition,87.01716,mm
2022-03-30T15:59:18.177+02:00,149212009,IGH-Validierungsplattform (nsu=SinumerikVarProvider;s=Sinumerik),c8y_Position.AxisXPosition,92.05716,mm
2022-03-30T15:59:18.681+02:00,149212009,IGH-Validierungsplattform (nsu=SinumerikVarProvider;s=Sinumerik),c8y_Position.AxisXPosition,97.05716,mm
2022-03-30T15:59:19.181+02:00,149212009,IGH-Validierungsplattform (nsu=SinumerikVarProvider;s=Sinumerik),c8y_Position.AxisXPosition,102.05716,mm
2022-03-30T15:59:19.682+02:00,149212009,IGH-Validierungsplattform (nsu=SinumerikVarProvider;s=Sinumerik),c8y_Position.AxisXPosition,107.05716,mm
2022-03-30T15:59:21.383+02:00,149212009,IGH-Validierungsplattform (nsu=SinumerikVarProvider;s=Sinumerik),c8y_Position.AxisYPosition,-32.0,mm
2022-03-30T15:59:21.607+02:00,149212009,IGH-Validierungsplattform (nsu=SinumerikVarProvider;s=Sinumerik),c8y_Position.AxisZPosition,0.0,mm
2022-03-30T15:59:21.684+02:00,149212009,IGH-Validierungsplattform (nsu=SinumerikVarProvider;s=Sinumerik),c8y_Position.AxisXPosition,-8.86284,mm
2022-03-30T15:59:22.187+02:00,149212009,IGH-Validierungsplattform (nsu=SinumerikVarProvider;s=Sinumerik),c8y_Position.AxisXPosition,-3.86284,mm
2022-03-30T15:59:22.787+02:00,149212009,IGH-Validierungsplattform (nsu=SinumerikVarProvider;s=Sinumerik),c8y_Position.AxisXPosition,2.13716,mm
2022-03-30T15:59:23.288+02:00,149212009,IGH-Validierungsplattform (nsu=SinumerikVarProvider;s=Sinumerik),c8y_Position.AxisXPosition,7.13716,mm
2022-03-30T15:59:23.788+02:00,149212009,IGH-Validierungsplattform (nsu=SinumerikVarProvider;s=Sinumerik),c8y_Position.AxisXPosition,12.13716,mm
2022-03-30T15:59:24.289+02:00,149212009,IGH-Validierungsplattform (nsu=SinumerikVarProvider;s=Sinumerik),c8y_Position.AxisXPosition,17.13716,mm
2022-03-30T15:59:24.788+02:00,149212009,IGH-Validierungsplattform (nsu=SinumerikVarProvider;s=Sinumerik),c8y_Position.AxisXPosition,22.13716,mm
2022-03-30T15:59:25.789+02:00,149212009,IGH-Validierungsplattform (nsu=SinumerikVarProvider;s=Sinumerik),c8y_Position.AxisXPosition,32.13716,mm
2022-03-30T15:59:26.390+02:00,149212009,IGH-Validierungsplattform (nsu=SinumerikVarProvider;s=Sinumerik),c8y_Position.AxisXPosition,38.17716,mm
2022-03-30T15:59:26.893+02:00,149212009,IGH-Validierungsplattform (nsu=SinumerikVarProvider;s=Sinumerik),c8y_Position.AxisXPosition,43.17716,mm
2022-03-30T15:59:27.394+02:00,149212009,IGH-Validierungsplattform (nsu=SinumerikVarProvider;s=Sinumerik),c8y_Position.AxisXPosition,48.17716,mm
2022-03-30T15:59:27.895+02:00,149212009,IGH-Validierungsplattform (nsu=SinumerikVarProvider;s=Sinumerik),c8y_Position.AxisXPosition,53.21716,mm
2022-03-30T15:59:28.398+02:00,149212009,IGH-Validierungsplattform (nsu=SinumerikVarProvider;s=Sinumerik),c8y_Position.AxisXPosition,58.21716,mm
2022-03-30T15:59:29.600+02:00,149212009,IGH-Validierungsplattform (nsu=SinumerikVarProvider;s=Sinumerik),c8y_Position.AxisXPosition,70.21716,mm
2022-03-30T15:59:30.199+02:00,149212009,IGH-Validierungsplattform (nsu=SinumerikVarProvider;s=Sinumerik),c8y_Position.AxisXPosition,76.21716,mm
2022-03-30T15:59:30.701+02:00,149212009,IGH-Validierungsplattform (nsu=SinumerikVarProvider;s=Sinumerik),c8y_Position.AxisXPosition,81.25716,mm
2022-03-30T15:59:31.204+02:00,149212009,IGH-Validierungsplattform (nsu=SinumerikVarProvider;s=Sinumerik),c8y_Position.AxisXPosition,86.25716,mm
2022-03-30T15:59:31.706+02:00,149212009,IGH-Validierungsplattform (nsu=SinumerikVarProvider;s=Sinumerik),c8y_Position.AxisXPosition,91.29716,mm
2022-03-30T15:59:32.214+02:00,149212009,IGH-Validierungsplattform (nsu=SinumerikVarProvider;s=Sinumerik),c8y_Position.AxisXPosition,96.29716,mm
2022-03-30T15:59:32.810+02:00,149212009,IGH-Validierungsplattform (nsu=SinumerikVarProvider;s=Sinumerik),c8y_Position.AxisXPosition,102.33716,mm
2022-03-30T15:59:34.315+02:00,149212009,IGH-Validierungsplattform (nsu=SinumerikVarProvider;s=Sinumerik),c8y_Position.AxisZPosition,2.0,mm
2022-03-30T15:59:34.811+02:00,149212009,IGH-Validierungsplattform (nsu=SinumerikVarProvider;s=Sinumerik),c8y_Position.AxisYPosition,-39.72102,mm
2022-03-30T15:59:34.811+02:00,149212009,IGH-Validierungsplattform (nsu=SinumerikVarProvider;s=Sinumerik),c8y_Position.AxisXPosition,-5.64089,mm
2022-03-30T15:59:34.912+02:00,149212009,IGH-Validierungsplattform (nsu=SinumerikVarProvider;s=Sinumerik),c8y_Position.AxisYPosition,-40.0,mm
2022-03-30T15:59:35.215+02:00,149212009,IGH-Validierungsplattform (nsu=SinumerikVarProvider;s=Sinumerik),c8y_Position.AxisZPosition,0.0,mm
2022-03-30T15:59:35.215+02:00,149212009,IGH-Validierungsplattform (nsu=SinumerikVarProvider;s=Sinumerik),c8y_Position.AxisXPosition,-9.62284,mm
2022-03-30T15:59:35.815+02:00,149212009,IGH-Validierungsplattform (nsu=SinumerikVarProvider;s=Sinumerik),c8y_Position.AxisXPosition,-3.62284,mm
2022-03-30T15:59:36.316+02:00,149212009,IGH-Validierungsplattform (nsu=SinumerikVarProvider;s=Sinumerik),c8y_Position.AxisXPosition,1.37716,mm
2022-03-30T15:59:36.917+02:00,149212009,IGH-Validierungsplattform (nsu=SinumerikVarProvider;s=Sinumerik),c8y_Position.AxisXPosition,7.37716,mm
2022-03-30T15:59:37.316+02:00,149212009,IGH-Validierungsplattform (nsu=SinumerikVarProvider;s=Sinumerik),c8y_Position.AxisXPosition,11.37716,mm
2022-03-30T15:59:37.817+02:00,149212009,IGH-Validierungsplattform (nsu=SinumerikVarProvider;s=Sinumerik),c8y_Position.AxisXPosition,16.37716,mm
2022-03-30T15:59:39.118+02:00,149212009,IGH-Validierungsplattform (nsu=SinumerikVarProvider;s=Sinumerik),c8y_Position.AxisXPosition,29.37716,mm
2022-03-30T15:59:39.919+02:00,149212009,IGH-Validierungsplattform (nsu=SinumerikVarProvider;s=Sinumerik),c8y_Position.AxisXPosition,37.37716,mm
2022-03-30T15:59:40.419+02:00,149212009,IGH-Validierungsplattform (nsu=SinumerikVarProvider;s=Sinumerik),c8y_Position.AxisXPosition,42.37716,mm
2022-03-30T15:59:40.919+02:00,149212009,IGH-Validierungsplattform (nsu=SinumerikVarProvider;s=Sinumerik),c8y_Position.AxisXPosition,47.37716,mm
2022-03-30T15:59:41.424+02:00,149212009,IGH-Validierungsplattform (nsu=SinumerikVarProvider;s=Sinumerik),c8y_Position.AxisXPosition,52.41716,mm
2022-03-30T15:59:41.924+02:00,149212009,IGH-Validierungsplattform (nsu=SinumerikVarProvider;s=Sinumerik),c8y_Position.AxisXPosition,57.41716,mm
2022-03-30T15:59:43.125+02:00,149212009,IGH-Validierungsplattform (nsu=SinumerikVarProvider;s=Sinumerik),c8y_Position.AxisXPosition,69.41716,mm
2022-03-30T15:59:43.725+02:00,149212009,IGH-Validierungsplattform (nsu=SinumerikVarProvider;s=Sinumerik),c8y_Position.AxisXPosition,75.41716,mm
2022-03-30T15:59:44.527+02:00,149212009,IGH-Validierungsplattform (nsu=SinumerikVarProvider;s=Sinumerik),c8y_Position.AxisXPosition,83.45716,mm
2022-03-30T15:59:45.030+02:00,149212009,IGH-Validierungsplattform (nsu=SinumerikVarProvider;s=Sinumerik),c8y_Position.AxisXPosition,88.45716,mm
2022-03-30T15:59:45.530+02:00,149212009,IGH-Validierungsplattform (nsu=SinumerikVarProvider;s=Sinumerik),c8y_Position.AxisXPosition,93.45716,mm
2022-03-30T15:59:46.029+02:00,149212009,IGH-Validierungsplattform (nsu=SinumerikVarProvider;s=Sinumerik),c8y_Position.AxisXPosition,98.45716,mm
2022-03-30T15:59:47.227+02:00,149212009,IGH-Validierungsplattform (nsu=SinumerikVarProvider;s=Sinumerik),c8y_Position.AxisXPosition,110.45716,mm
2022-03-30T15:59:47.729+02:00,149212009,IGH-Validierungsplattform (nsu=SinumerikVarProvider;s=Sinumerik),c8y_Position.AxisXPosition,115.0,mm
2022-03-30T15:59:54.341+02:00,149212009,IGH-Validierungsplattform (nsu=SinumerikVarProvider;s=Sinumerik),c8y_Position.AxisZPosition,1.0,mm
2022-03-30T15:59:56.618+02:00,149212009,IGH-Validierungsplattform (nsu=SinumerikVarProvider;s=Sinumerik),c8y_Position.AxisYPosition,51.0,mm
2022-03-30T15:59:56.618+02:00,149212009,IGH-Validierungsplattform (nsu=SinumerikVarProvider;s=Sinumerik),c8y_Position.AxisXPosition,63.5,mm
2022-03-30T15:59:57.121+02:00,149212009,IGH-Validierungsplattform (nsu=SinumerikVarProvider;s=Sinumerik),c8y_Position.AxisZPosition,189.04258,mm
2022-03-30T15:59:57.620+02:00,149212009,IGH-Validierungsplattform (nsu=SinumerikVarProvider;s=Sinumerik),c8y_Position.AxisZPosition,204.86613,mm
2022-03-30T15:59:58.120+02:00,149212009,IGH-Validierungsplattform (nsu=SinumerikVarProvider;s=Sinumerik),c8y_Position.AxisZPosition,265.50493,mm
2022-03-30T15:59:58.420+02:00,149212009,IGH-Validierungsplattform (nsu=SinumerikVarProvider;s=Sinumerik),c8y_Position.AxisZPosition,290.1,mm
2022-03-30T15:59:58.919+02:00,149212009,IGH-Validierungsplattform (nsu=SinumerikVarProvider;s=Sinumerik),c8y_Position.AxisYPosition,110.09187,mm
2022-03-30T15:59:59.420+02:00,149212009,IGH-Validierungsplattform (nsu=SinumerikVarProvider;s=Sinumerik),c8y_Position.AxisYPosition,194.52011,mm
2022-03-30T15:59:59.920+02:00,149212009,IGH-Validierungsplattform (nsu=SinumerikVarProvider;s=Sinumerik),c8y_Position.AxisYPosition,103.78944,mm
2022-03-30T15:59:59.920+02:00,149212009,IGH-Validierungsplattform (nsu=SinumerikVarProvider;s=Sinumerik),c8y_Position.AxisZPosition,104.28779,mm
2022-03-30T15:59:59.920+02:00,149212009,IGH-Validierungsplattform (nsu=SinumerikVarProvider;s=Sinumerik),c8y_Position.AxisXPosition,151.06667,mm