time,source,device_name,fragment.series,value,unit
2022-03-30T15:57:27.748+02:00,149212009,IGH-Validierungsplattform (nsu=SinumerikVarProvider;s=Sinumerik),c8y_Mode.G0Mode,0,
2022-03-30T15:57:43.162+02:00,149212009,IGH-Validierungsplattform (nsu=SinumerikVarProvider;s=Sinumerik),c8y_Mode.G0Mode,1,
2022-03-30T15:57:43.962+02:00,149212009,IGH-Validierungsplattform (nsu=SinumerikVarProvider;s=Sinumerik),c8y_Mode.G0Mode,0,
2022-03-30T15:57:56.667+02:00,149212009,IGH-Validierungsplattform (nsu=SinumerikVarProvider;s=Sinumerik),c8y_Mode.G0Mode,1,
2022-03-30T15:57:57.467+02:00,149212009,IGH-Validierungsplattform (nsu=SinumerikVarProvider;s=Sinumerik),c8y_Mode.G0Mode,0,
2022-03-30T15:58:10.276+02:00,149212009,IGH-Validierungsplattform (nsu=SinumerikVarProvider;s=Sinumerik),c8y_Mode.G0Mode,1,
2022-03-30T15:58:11.079+02:00,149212009,IGH-Validierungsplattform (nsu=SinumerikVarProvider;s=Sinumerik),c8y_Mode.G0Mode,0,
2022-03-30T15:58:23.912+02:00,149212009,IGH-Validierungsplattform (nsu=SinumerikVarProvider;s=Sinumerik),c8y_Mode.G0Mode,1,
2022-03-30T15:58:24.705+02:00,149212009,IGH-Validierungsplattform (nsu=SinumerikVarProvider;s=Sinumerik),c8y_Mode.G0Mode,0,
2022-03-30T15:58:37.528+02:00,149212009,IGH-Validierungsplattform (nsu=SinumerikVarProvider;s=Sinumerik),c8y_Mode.G0Mode,1,
2022-03-30T15:58:39.830+02:00,149212009,IGH-Validierungsplattform (nsu=SinumerikVarProvider;s=Sinumerik),c8y_Mode.G0Mode,0,
2022-03-30T15:58:53.341+02:00,149212009,IGH-Validierungsplattform (nsu=SinumerikVarProvider;s=Sinumerik),c8y_Mode.G0Mode,1,
2022-03-30T15:58:54.145+02:00,149212009,IGH-Validierungsplattform (nsu=SinumerikVarProvider;s=Sinumerik),c8y_Mode.G0Mode,0,
2022-03-30T15:59:07.753+02:00,149212009,IGH-Validierungsplattform (nsu=SinumerikVarProvider;s=Sinumerik),c8y_Mode.G0Mode,0,
2022-03-30T15:59:21.383+02:00,149212009,IGH-Validierungsplattform (nsu=SinumerikVarProvider;s=Sinumerik),c8y_Mode.G0Mode,0,
2022-03-30T15:59:34.111+02:00,149212009,IGH-Validierungsplattform (nsu=SinumerikVarProvider;s=Sinumerik),c8y_Mode.G0Mode,1,
2022-03-30T15:59:35.012+02:00,149212009,IGH-Validierungsplattform (nsu=SinumerikVarProvider;s=Sinumerik),c8y_Mode.G0Mode,0,
2022-03-30T15:59:54.341+02:00,149212009,IGH-Validierungsplattform (nsu=SinumerikVarProvider;s=Sinumerik),c8y_Mode.G0Mode,1,