[
    {
        "resultName": "damage-1.jpg",
        "roadDamages": [
            {
                "confidence": 0.2166748046875,
                "gpsCoordinates": {
                    "lat": 53.44357779617727,
                    "lng": 10.128710872631661
                },
                "lastObservation": "2024-03-12T10:48:35.461927+00:00",
                "type": "Longitudinal Crack"
            }
        ]
    },
    {
        "resultName": "damage-2.jpg",
        "roadDamages": [
            {
                "confidence": 0.291748046875,
                "gpsCoordinates": {
                    "lat": 53.45672179730852,
                    "lng": 10.140679414960136
                },
                "lastObservation": "2024-03-14T06:32:14.904402+00:00",
                "type": "Longitudinal Crack"
            }
        ]
    },
    {
        "resultName": "damage-3.jpg",
        "roadDamages": [
            {
                "confidence": 0.2386474609375,
                "gpsCoordinates": {
                    "lat": 53.47036360950823,
                    "lng": 10.174702034813226
                },
                "lastObservation": "2024-03-14T06:37:42.121963+00:00",
                "type": "Longitudinal Crack"
            }
        ]
    },
    {
        "resultName": "damage-4.jpg",
        "roadDamages": [
            {
                "confidence": 0.229248046875,
                "gpsCoordinates": {
                    "lat": 53.47724025940994,
                    "lng": 10.188777078996475
                },
                "lastObservation": "2024-03-14T06:41:20.155767+00:00",
                "type": "Longitudinal Crack"
            }
        ]
    },
    {
        "resultName": "damage-5.jpg",
        "roadDamages": [
            {
                "confidence": 0.269775390625,
                "gpsCoordinates": {
                    "lat": 53.47710969533811,
                    "lng": 10.18962941674233
                },
                "lastObservation": "2024-03-14T06:41:36.118423+00:00",
                "type": "Longitudinal Crack"
            }
        ]
    },
    {
        "resultName": "damage-6.jpg",
        "roadDamages": [
            {
                "confidence": 0.222900390625,
                "gpsCoordinates": {
                    "lat": 53.477101374995634,
                    "lng": 10.189681992660416
                },
                "lastObservation": "2024-03-14T06:41:40.606865+00:00",
                "type": "Longitudinal Crack"
            }
        ]
    },
    {
        "resultName": "damage-7.jpg",
        "roadDamages": [
            {
                "confidence": 0.252685546875,
                "gpsCoordinates": {
                    "lat": 53.4771014956693,
                    "lng": 10.189681634357449
                },
                "lastObservation": "2024-03-14T06:41:46.175233+00:00",
                "type": "Longitudinal Crack"
            }
        ]
    },
    {
        "resultName": "damage-8.jpg",
        "roadDamages": [
            {
                "confidence": 0.2017822265625,
                "gpsCoordinates": {
                    "lat": 53.47877814564004,
                    "lng": 10.19739981794973
                },
                "lastObservation": "2024-03-14T06:43:56.113816+00:00",
                "type": "Pothole"
            }
        ]
    },
    {
        "resultName": "damage-9.jpg",
        "roadDamages": [
            {
                "confidence": 0.26708984375,
                "gpsCoordinates": {
                    "lat": 53.518630365025864,
                    "lng": 10.227441784840195
                },
                "lastObservation": "2024-03-14T06:59:53.434417+00:00",
                "type": "Longitudinal Crack"
            }
        ]
    },
    {
        "resultName": "damage-10.jpg",
        "roadDamages": [
            {
                "confidence": 0.2095947265625,
                "gpsCoordinates": {
                    "lat": 53.464627609432334,
                    "lng": 10.201829682985103
                },
                "lastObservation": "2024-03-14T09:26:31.150892+00:00",
                "type": "Pothole"
            }
        ]
    },
    {
        "resultName": "damage-11.jpg",
        "roadDamages": [
            {
                "confidence": 0.21044921875,
                "gpsCoordinates": {
                    "lat": 53.45556268158169,
                    "lng": 10.217352883882306
                },
                "lastObservation": "2024-03-14T09:35:08.204944+00:00",
                "type": "Pothole"
            }
        ]
    },
    {
        "resultName": "damage-12.jpg",
        "roadDamages": [
            {
                "confidence": 0.2410888671875,
                "gpsCoordinates": {
                    "lat": 53.45291658724251,
                    "lng": 10.219208525592153
                },
                "lastObservation": "2024-03-14T09:35:43.945442+00:00",
                "type": "Longitudinal Crack"
            }
        ]
    },
    {
        "resultName": "damage-13.jpg",
        "roadDamages": [
            {
                "confidence": 0.204833984375,
                "gpsCoordinates": {
                    "lat": 53.45569515326824,
                    "lng": 10.211786326153321
                },
                "lastObservation": "2024-03-14T09:47:10.745217+00:00",
                "type": "Aligator Crack"
            }
        ]
    },
    {
        "resultName": "damage-14.jpg",
        "roadDamages": [
            {
                "confidence": 0.2474365234375,
                "gpsCoordinates": {
                    "lat": 53.448739271420784,
                    "lng": 10.179589490284188
                },
                "lastObservation": "2024-03-14T09:51:01.006014+00:00",
                "type": "Longitudinal Crack"
            }
        ]
    },
    {
        "resultName": "damage-15.jpg",
        "roadDamages": [
            {
                "confidence": 0.2142333984375,
                "gpsCoordinates": {
                    "lat": 53.42478922359875,
                    "lng": 10.151680178589345
                },
                "lastObservation": "2024-03-14T09:54:10.196226+00:00",
                "type": "Longitudinal Crack"
            }
        ]
    },
    {
        "resultName": "damage-16.jpg",
        "roadDamages": [
            {
                "confidence": 0.2120361328125,
                "gpsCoordinates": {
                    "lat": 53.44870787562873,
                    "lng": 10.091098993428325
                },
                "lastObservation": "2024-03-14T10:02:05.869339+00:00",
                "type": "Longitudinal Crack"
            }
        ]
    },
    {
        "resultName": "damage-17.jpg",
        "roadDamages": [
            {
                "confidence": 0.2021484375,
                "gpsCoordinates": {
                    "lat": 53.456281806453504,
                    "lng": 10.080299691855714
                },
                "lastObservation": "2024-03-14T10:03:10.900961+00:00",
                "type": "Longitudinal Crack"
            }
        ]
    },
    {
        "resultName": "damage-18.jpg",
        "roadDamages": [
            {
                "confidence": 0.2138671875,
                "gpsCoordinates": {
                    "lat": 53.45972475946108,
                    "lng": 10.070997603919018
                },
                "lastObservation": "2024-03-14T10:03:52.883409+00:00",
                "type": "Pothole"
            }
        ]
    },
    {
        "resultName": "damage-19.jpg",
        "roadDamages": [
            {
                "confidence": 0.2120361328125,
                "gpsCoordinates": {
                    "lat": 53.467935495164404,
                    "lng": 10.108041229787176
                },
                "lastObservation": "2024-03-14T10:20:04.445796+00:00",
                "type": "Longitudinal Crack"
            }
        ]
    },
    {
        "resultName": "damage-20.jpg",
        "roadDamages": [
            {
                "confidence": 0.2110595703125,
                "gpsCoordinates": {
                    "lat": 53.464244990492915,
                    "lng": 10.119697438947313
                },
                "lastObservation": "2024-03-14T10:23:43.704247+00:00",
                "type": "Pothole"
            }
        ]
    },
    {
        "resultName": "damage-21.jpg",
        "roadDamages": [
            {
                "confidence": 0.229248046875,
                "gpsCoordinates": {
                    "lat": 53.460090871436,
                    "lng": 10.111704376105893
                },
                "lastObservation": "2024-03-14T10:26:57.989516+00:00",
                "type": "Longitudinal Crack"
            }
        ]
    },
    {
        "resultName": "damage-22.jpg",
        "roadDamages": [
            {
                "confidence": 0.203369140625,
                "gpsCoordinates": {
                    "lat": 53.45854717069045,
                    "lng": 10.108545990531029
                },
                "lastObservation": "2024-03-14T10:27:19.486791+00:00",
                "type": "Longitudinal Crack"
            }
        ]
    },
    {
        "resultName": "damage-23.jpg",
        "roadDamages": [
            {
                "confidence": 0.2022705078125,
                "gpsCoordinates": {
                    "lat": 53.445694411978955,
                    "lng": 10.125876353083521
                },
                "lastObservation": "2024-03-14T10:30:05.695156+00:00",
                "type": "Longitudinal Crack"
            }
        ]
    },
    {
        "resultName": "damage-24.jpg",
        "roadDamages": [
            {
                "confidence": 0.22802734375,
                "gpsCoordinates": {
                    "lat": 53.459139459659056,
                    "lng": 10.137171002816826
                },
                "lastObservation": "2024-03-14T10:34:43.639914+00:00",
                "type": "Longitudinal Crack"
            }
        ]
    },
    {
        "resultName": "damage-25.jpg",
        "roadDamages": [
            {
                "confidence": 0.228271484375,
                "gpsCoordinates": {
                    "lat": 53.46732491434102,
                    "lng": 10.148221377882741
                },
                "lastObservation": "2024-03-14T10:36:21.945962+00:00",
                "type": "Longitudinal Crack"
            }
        ]
    },
    {
        "resultName": "damage-26.jpg",
        "roadDamages": [
            {
                "confidence": 0.22216796875,
                "gpsCoordinates": {
                    "lat": 53.46898144121021,
                    "lng": 10.155362112101109
                },
                "lastObservation": "2024-03-14T10:37:09.193524+00:00",
                "type": "Longitudinal Crack"
            }
        ]
    },
    {
        "resultName": "damage-27.jpg",
        "roadDamages": [
            {
                "confidence": 0.3330078125,
                "gpsCoordinates": {
                    "lat": 53.46784476643178,
                    "lng": 10.175287393764762
                },
                "lastObservation": "2024-03-14T10:39:03.868161+00:00",
                "type": "Longitudinal Crack"
            }
        ]
    },
    {
        "resultName": "damage-28.jpg",
        "roadDamages": [
            {
                "confidence": 0.26806640625,
                "gpsCoordinates": {
                    "lat": 53.46598996386785,
                    "lng": 10.182889520081988
                },
                "lastObservation": "2024-03-14T10:39:56.042083+00:00",
                "type": "Aligator Crack"
            }
        ]
    },
    {
        "resultName": "damage-29.jpg",
        "roadDamages": [
            {
                "confidence": 0.2352294921875,
                "gpsCoordinates": {
                    "lat": 53.470077094720814,
                    "lng": 10.188799421702429
                },
                "lastObservation": "2024-03-14T10:40:36.910150+00:00",
                "type": "Longitudinal Crack"
            }
        ]
    },
    {
        "resultName": "damage-30.jpg",
        "roadDamages": [
            {
                "confidence": 0.25341796875,
                "gpsCoordinates": {
                    "lat": 53.473532615075634,
                    "lng": 10.194441908251022
                },
                "lastObservation": "2024-03-14T10:41:13.560338+00:00",
                "type": "Longitudinal Crack"
            }
        ]
    },
    {
        "resultName": "damage-31.jpg",
        "roadDamages": [
            {
                "confidence": 0.26025390625,
                "gpsCoordinates": {
                    "lat": 53.475076772579165,
                    "lng": 10.195342346518839
                },
                "lastObservation": "2024-03-14T10:41:35.091867+00:00",
                "type": "Longitudinal Crack"
            }
        ]
    },
    {
        "resultName": "damage-32.jpg",
        "roadDamages": [
            {
                "confidence": 0.2288818359375,
                "gpsCoordinates": {
                    "lat": 53.482358432762766,
                    "lng": 10.200029779442309
                },
                "lastObservation": "2024-03-14T10:44:25.077598+00:00",
                "type": "Longitudinal Crack"
            }
        ]
    },
    {
        "resultName": "damage-33.jpg",
        "roadDamages": [
            {
                "confidence": 0.2322998046875,
                "gpsCoordinates": {
                    "lat": 53.49293062560549,
                    "lng": 10.189359648101949
                },
                "lastObservation": "2024-03-15T06:30:41.103058+00:00",
                "type": "Longitudinal Crack"
            }
        ]
    },
    {
        "resultName": "damage-34.jpg",
        "roadDamages": [
            {
                "confidence": 0.2421875,
                "gpsCoordinates": {
                    "lat": 53.49221206271973,
                    "lng": 10.189119575893482
                },
                "lastObservation": "2024-03-15T06:43:48.429431+00:00",
                "type": "Aligator Crack"
            }
        ]
    },
    {
        "resultName": "damage-35.jpg",
        "roadDamages": [
            {
                "confidence": 0.2113037109375,
                "gpsCoordinates": {
                    "lat": 53.49244615543859,
                    "lng": 10.195544771597795
                },
                "lastObservation": "2024-03-15T06:45:06.217846+00:00",
                "type": "Aligator Crack"
            }
        ]
    },
    {
        "resultName": "damage-36.jpg",
        "roadDamages": [
            {
                "confidence": 0.200927734375,
                "gpsCoordinates": {
                    "lat": 53.54246362680827,
                    "lng": 10.115060887132056
                },
                "lastObservation": "2024-03-15T07:36:53.410979+00:00",
                "type": "Longitudinal Crack"
            }
        ]
    },
    {
        "resultName": "damage-37.jpg",
        "roadDamages": [
            {
                "confidence": 0.25341796875,
                "gpsCoordinates": {
                    "lat": 53.54547042824458,
                    "lng": 10.126526382299113
                },
                "lastObservation": "2024-03-15T07:39:33.982467+00:00",
                "type": "Longitudinal Crack"
            }
        ]
    },
    {
        "resultName": "damage-38.jpg",
        "roadDamages": [
            {
                "confidence": 0.2232666015625,
                "gpsCoordinates": {
                    "lat": 53.534511496955375,
                    "lng": 10.22236928415676
                },
                "lastObservation": "2024-03-15T07:52:43.747128+00:00",
                "type": "Longitudinal Crack"
            }
        ]
    },
    {
        "resultName": "damage-39.jpg",
        "roadDamages": [
            {
                "confidence": 0.216796875,
                "gpsCoordinates": {
                    "lat": 53.530370845935245,
                    "lng": 10.228204539162638
                },
                "lastObservation": "2024-03-15T07:55:00.626422+00:00",
                "type": "Pothole"
            }
        ]
    },
    {
        "resultName": "damage-40.jpg",
        "roadDamages": [
            {
                "confidence": 0.262451171875,
                "gpsCoordinates": {
                    "lat": 53.49055697864753,
                    "lng": 10.214523248391828
                },
                "lastObservation": "2024-03-15T09:37:19.760880+00:00",
                "type": "Pothole"
            }
        ]
    },
    {
        "resultName": "damage-41.jpg",
        "roadDamages": [
            {
                "confidence": 0.232666015625,
                "gpsCoordinates": {
                    "lat": 53.488114263622684,
                    "lng": 10.229142159076682
                },
                "lastObservation": "2024-03-15T09:41:33.071008+00:00",
                "type": "Longitudinal Crack"
            }
        ]
    },
    {
        "resultName": "damage-42.jpg",
        "roadDamages": [
            {
                "confidence": 0.3583984375,
                "gpsCoordinates": {
                    "lat": 53.48906148801602,
                    "lng": 10.24482662439284
                },
                "lastObservation": "2024-03-15T09:54:44.560134+00:00",
                "type": "Pothole"
            }
        ]
    },
    {
        "resultName": "damage-43.jpg",
        "roadDamages": [
            {
                "confidence": 0.2354736328125,
                "gpsCoordinates": {
                    "lat": 53.490405705559894,
                    "lng": 10.272137865388435
                },
                "lastObservation": "2024-03-15T09:57:57.394411+00:00",
                "type": "Longitudinal Crack"
            }
        ]
    },
    {
        "resultName": "damage-44.jpg",
        "roadDamages": [
            {
                "confidence": 0.256591796875,
                "gpsCoordinates": {
                    "lat": 53.48428842492508,
                    "lng": 10.28948513079159
                },
                "lastObservation": "2024-03-15T10:03:50.901418+00:00",
                "type": "Longitudinal Crack"
            }
        ]
    },
    {
        "resultName": "damage-45.jpg",
        "roadDamages": [
            {
                "confidence": 0.2095947265625,
                "gpsCoordinates": {
                    "lat": 53.47202982921324,
                    "lng": 10.263047841687193
                },
                "lastObservation": "2024-03-15T10:11:39.386791+00:00",
                "type": "Longitudinal Crack"
            }
        ]
    },
    {
        "resultName": "damage-46.jpg",
        "roadDamages": [
            {
                "confidence": 0.2000732421875,
                "gpsCoordinates": {
                    "lat": 53.47812299490038,
                    "lng": 10.206601906418385
                },
                "lastObservation": "2024-03-17T11:40:36.132669+00:00",
                "type": "Longitudinal Crack"
            }
        ]
    },
    {
        "resultName": "damage-47.jpg",
        "roadDamages": [
            {
                "confidence": 0.2039794921875,
                "gpsCoordinates": {
                    "lat": 53.55138433193856,
                    "lng": 10.02418288252334
                },
                "lastObservation": "2024-03-17T12:04:01.351551+00:00",
                "type": "Longitudinal Crack"
            }
        ]
    },
    {
        "resultName": "damage-48.jpg",
        "roadDamages": [
            {
                "confidence": 0.2125244140625,
                "gpsCoordinates": {
                    "lat": 53.55000468422967,
                    "lng": 9.97205947847864
                },
                "lastObservation": "2024-03-17T12:10:50.642999+00:00",
                "type": "Longitudinal Crack"
            }
        ]
    },
    {
        "resultName": "damage-49.jpg",
        "roadDamages": [
            {
                "confidence": 0.2303466796875,
                "gpsCoordinates": {
                    "lat": 53.56269849958127,
                    "lng": 9.921284578961105
                },
                "lastObservation": "2024-03-17T12:29:21.310234+00:00",
                "type": "Longitudinal Crack"
            }
        ]
    },
    {
        "resultName": "damage-50.jpg",
        "roadDamages": [
            {
                "confidence": 0.31103515625,
                "gpsCoordinates": {
                    "lat": 53.582473641925475,
                    "lng": 9.88962027634387
                },
                "lastObservation": "2024-03-17T12:35:03.176961+00:00",
                "type": "Longitudinal Crack"
            }
        ]
    },
    {
        "resultName": "damage-51.jpg",
        "roadDamages": [
            {
                "confidence": 0.307373046875,
                "gpsCoordinates": {
                    "lat": 53.58397856041659,
                    "lng": 9.896468963044653
                },
                "lastObservation": "2024-03-17T14:38:28.530401+00:00",
                "type": "Pothole"
            }
        ]
    },
    {
        "resultName": "damage-52.jpg",
        "roadDamages": [
            {
                "confidence": 0.200439453125,
                "gpsCoordinates": {
                    "lat": 53.58201216474858,
                    "lng": 9.888059381236495
                },
                "lastObservation": "2024-03-17T14:40:09.807607+00:00",
                "type": "Longitudinal Crack"
            }
        ]
    },
    {
        "resultName": "damage-53.jpg",
        "roadDamages": [
            {
                "confidence": 0.2274169921875,
                "gpsCoordinates": {
                    "lat": 53.564284300923866,
                    "lng": 9.88711419163847
                },
                "lastObservation": "2024-03-17T15:07:34.667951+00:00",
                "type": "Pothole"
            }
        ]
    },
    {
        "resultName": "damage-54.jpg",
        "roadDamages": [
            {
                "confidence": 0.2208251953125,
                "gpsCoordinates": {
                    "lat": 53.58610602513795,
                    "lng": 9.869232744573585
                },
                "lastObservation": "2024-03-17T15:18:00.828855+00:00",
                "type": "Transverse Crack"
            }
        ]
    },
    {
        "resultName": "damage-55.jpg",
        "roadDamages": [
            {
                "confidence": 0.286865234375,
                "gpsCoordinates": {
                    "lat": 53.57921200285136,
                    "lng": 9.866335874002722
                },
                "lastObservation": "2024-03-17T15:19:38.826815+00:00",
                "type": "Longitudinal Crack"
            }
        ]
    },
    {
        "resultName": "damage-56.jpg",
        "roadDamages": [
            {
                "confidence": 0.2015380859375,
                "gpsCoordinates": {
                    "lat": 53.56334996059207,
                    "lng": 9.865740787555893
                },
                "lastObservation": "2024-03-17T15:27:46.009620+00:00",
                "type": "Longitudinal Crack"
            }
        ]
    },
    {
        "resultName": "damage-57.jpg",
        "roadDamages": [
            {
                "confidence": 0.242431640625,
                "gpsCoordinates": {
                    "lat": 53.58195555275215,
                    "lng": 9.866789035441132
                },
                "lastObservation": "2024-03-17T15:31:51.927792+00:00",
                "type": "Transverse Crack"
            }
        ]
    },
    {
        "resultName": "damage-58.jpg",
        "roadDamages": [
            {
                "confidence": 0.205322265625,
                "gpsCoordinates": {
                    "lat": 53.59812481267723,
                    "lng": 9.857894775776652
                },
                "lastObservation": "2024-03-17T15:37:07.304136+00:00",
                "type": "Longitudinal Crack"
            }
        ]
    },
    {
        "resultName": "damage-59.jpg",
        "roadDamages": [
            {
                "confidence": 0.2039794921875,
                "gpsCoordinates": {
                    "lat": 53.599887434774864,
                    "lng": 9.840486768025718
                },
                "lastObservation": "2024-03-17T16:45:24.138240+00:00",
                "type": "Longitudinal Crack"
            }
        ]
    },
    {
        "resultName": "damage-60.jpg",
        "roadDamages": [
            {
                "confidence": 0.26318359375,
                "gpsCoordinates": {
                    "lat": 53.59084992430623,
                    "lng": 9.873467301194719
                },
                "lastObservation": "2024-03-17T16:50:07.551304+00:00",
                "type": "Longitudinal Crack"
            }
        ]
    }
]
