[{"resultName": "damage-46.jpg", "roadDamages": [{"type": "pothole", "damageClass": "D40", "lastObservation": "2024-03-01T08:09:13.859381+00:00", "confidence": 0.7036041617393494, "gpsCoordinates": {"lat": 53.640863, "lng": 9.793512}}, {"type": "pothole", "damageClass": "D40", "lastObservation": "2024-03-01T08:09:13.859381+00:00", "confidence": 0.6243652701377869, "gpsCoordinates": {"lat": 53.640863, "lng": 9.793512}}, {"type": "pothole", "damageClass": "D40", "lastObservation": "2024-03-01T08:09:13.859381+00:00", "confidence": 0.38460713624954224, "gpsCoordinates": {"lat": 53.640863, "lng": 9.793512}}]}, {"resultName": "damage-34.jpg", "roadDamages": [{"type": "pothole", "damageClass": "D40", "lastObservation": "2024-03-01T08:09:13.860326+00:00", "confidence": 0.608704149723053, "gpsCoordinates": {"lat": 53.642747, "lng": 9.79404}}, {"type": "pothole", "damageClass": "D40", "lastObservation": "2024-03-01T08:09:13.860326+00:00", "confidence": 0.5563424825668335, "gpsCoordinates": {"lat": 53.642747, "lng": 9.79404}}, {"type": "pothole", "damageClass": "D40", "lastObservation": "2024-03-01T08:09:13.860326+00:00", "confidence": 0.5469598770141602, "gpsCoordinates": {"lat": 53.642747, "lng": 9.79404}}, {"type": "pothole", "damageClass": "D40", "lastObservation": "2024-03-01T08:09:13.860326+00:00", "confidence": 0.3553164303302765, "gpsCoordinates": {"lat": 53.642747, "lng": 9.79404}}]}, {"resultName": "damage-11.jpg", "roadDamages": [{"type": "pothole", "damageClass": "D40", "lastObservation": "2024-03-01T08:09:13.860772+00:00", "confidence": 0.7272932529449463, "gpsCoordinates": {"lat": 53.641413, "lng": 9.779644}}]}, {"resultName": "damage-45.jpg", "roadDamages": [{"type": "pothole", "damageClass": "D40", "lastObservation": "2024-03-01T08:09:13.861149+00:00", "confidence": 0.4629141092300415, "gpsCoordinates": {"lat": 53.64091899993188, "lng": 9.793576}}]}, {"resultName": "damage-5.jpg", "roadDamages": []}, {"resultName": "damage-16.jpg", "roadDamages": [{"type": "mesh crack", "damageClass": "D20", "lastObservation": "2024-03-01T08:09:13.861851+00:00", "confidence": 0.34228143095970154, "gpsCoordinates": {"lat": 53.640965, "lng": 9.786574}}, {"type": "pothole", "damageClass": "D40", "lastObservation": "2024-03-01T08:09:13.861851+00:00", "confidence": 0.25906985998153687, "gpsCoordinates": {"lat": 53.640965, "lng": 9.786574}}]}, {"resultName": "damage-52.jpg", "roadDamages": [{"type": "pothole", "damageClass": "D40", "lastObservation": "2024-03-01T08:09:13.862324+00:00", "confidence": 0.7487084865570068, "gpsCoordinates": {"lat": 53.639664, "lng": 9.792064}}, {"type": "pothole", "damageClass": "D40", "lastObservation": "2024-03-01T08:09:13.862324+00:00", "confidence": 0.32206982374191284, "gpsCoordinates": {"lat": 53.639664, "lng": 9.792064}}, {"type": "pothole", "damageClass": "D40", "lastObservation": "2024-03-01T08:09:13.862324+00:00", "confidence": 0.2854484021663666, "gpsCoordinates": {"lat": 53.639664, "lng": 9.792064}}, {"type": "pothole", "damageClass": "D40", "lastObservation": "2024-03-01T08:09:13.862324+00:00", "confidence": 0.2707419693470001, "gpsCoordinates": {"lat": 53.639664, "lng": 9.792064}}]}, {"resultName": "damage-23.jpg", "roadDamages": [{"type": "pothole", "damageClass": "D40", "lastObservation": "2024-03-01T08:09:13.862734+00:00", "confidence": 0.7585673332214355, "gpsCoordinates": {"lat": 53.641721, "lng": 9.7914}}, {"type": "pothole", "damageClass": "D40", "lastObservation": "2024-03-01T08:09:13.862734+00:00", "confidence": 0.371677041053772, "gpsCoordinates": {"lat": 53.641721, "lng": 9.7914}}, {"type": "pothole", "damageClass": "D40", "lastObservation": "2024-03-01T08:09:13.862734+00:00", "confidence": 0.2920446991920471, "gpsCoordinates": {"lat": 53.641721, "lng": 9.7914}}, {"type": "pothole", "damageClass": "D40", "lastObservation": "2024-03-01T08:09:13.862734+00:00", "confidence": 0.27032285928726196, "gpsCoordinates": {"lat": 53.641721, "lng": 9.7914}}]}, {"resultName": "damage-3.jpg", "roadDamages": [{"type": "pothole", "damageClass": "D40", "lastObservation": "2024-03-01T08:09:13.863089+00:00", "confidence": 0.49382784962654114, "gpsCoordinates": {"lat": 53.64323, "lng": 9.793494}}, {"type": "pothole", "damageClass": "D40", "lastObservation": "2024-03-01T08:09:13.863089+00:00", "confidence": 0.3872162103652954, "gpsCoordinates": {"lat": 53.64323, "lng": 9.793494}}, {"type": "pothole", "damageClass": "D40", "lastObservation": "2024-03-01T08:09:13.863089+00:00", "confidence": 0.3654188811779022, "gpsCoordinates": {"lat": 53.64323, "lng": 9.793494}}, {"type": "pothole", "damageClass": "D40", "lastObservation": "2024-03-01T08:09:13.863089+00:00", "confidence": 0.35061419010162354, "gpsCoordinates": {"lat": 53.64323, "lng": 9.793494}}, {"type": "pothole", "damageClass": "D40", "lastObservation": "2024-03-01T08:09:13.863089+00:00", "confidence": 0.3429611623287201, "gpsCoordinates": {"lat": 53.64323, "lng": 9.793494}}, {"type": "mesh crack", "damageClass": "D20", "lastObservation": "2024-03-01T08:09:13.863089+00:00", "confidence": 0.31700125336647034, "gpsCoordinates": {"lat": 53.64323, "lng": 9.793494}}, {"type": "pothole", "damageClass": "D40", "lastObservation": "2024-03-01T08:09:13.863089+00:00", "confidence": 0.27700480818748474, "gpsCoordinates": {"lat": 53.64323, "lng": 9.793494}}]}, {"resultName": "damage-6.jpg", "roadDamages": [{"type": "pothole", "damageClass": "D40", "lastObservation": "2024-03-01T08:09:13.863473+00:00", "confidence": 0.5818614959716797, "gpsCoordinates": {"lat": 53.637961, "lng": 9.791894}}, {"type": "pothole", "damageClass": "D40", "lastObservation": "2024-03-01T08:09:13.863473+00:00", "confidence": 0.4503542482852936, "gpsCoordinates": {"lat": 53.637961, "lng": 9.791894}}, {"type": "pothole", "damageClass": "D40", "lastObservation": "2024-03-01T08:09:13.863473+00:00", "confidence": 0.28978556394577026, "gpsCoordinates": {"lat": 53.637961, "lng": 9.791894}}, {"type": "pothole", "damageClass": "D40", "lastObservation": "2024-03-01T08:09:13.863473+00:00", "confidence": 0.27687227725982666, "gpsCoordinates": {"lat": 53.637961, "lng": 9.791894}}]}, {"resultName": "damage-14.jpg", "roadDamages": [{"type": "pothole", "damageClass": "D40", "lastObservation": "2024-03-01T08:09:13.863869+00:00", "confidence": 0.8081462383270264, "gpsCoordinates": {"lat": 53.64077, "lng": 9.78478}}, {"type": "pothole", "damageClass": "D40", "lastObservation": "2024-03-01T08:09:13.863869+00:00", "confidence": 0.6603962779045105, "gpsCoordinates": {"lat": 53.64077, "lng": 9.78478}}, {"type": "pothole", "damageClass": "D40", "lastObservation": "2024-03-01T08:09:13.863869+00:00", "confidence": 0.4738852381706238, "gpsCoordinates": {"lat": 53.64077, "lng": 9.78478}}, {"type": "pothole", "damageClass": "D40", "lastObservation": "2024-03-01T08:09:13.863869+00:00", "confidence": 0.32346564531326294, "gpsCoordinates": {"lat": 53.64077, "lng": 9.78478}}, {"type": "pothole", "damageClass": "D40", "lastObservation": "2024-03-01T08:09:13.863869+00:00", "confidence": 0.26626187562942505, "gpsCoordinates": {"lat": 53.64077, "lng": 9.78478}}]}, {"resultName": "damage-31.jpg", "roadDamages": [{"type": "pothole", "damageClass": "D40", "lastObservation": "2024-03-01T08:09:13.864393+00:00", "confidence": 0.8211668133735657, "gpsCoordinates": {"lat": 53.64309, "lng": 9.793726}}, {"type": "pothole", "damageClass": "D40", "lastObservation": "2024-03-01T08:09:13.864393+00:00", "confidence": 0.7481117248535156, "gpsCoordinates": {"lat": 53.64309, "lng": 9.793726}}, {"type": "pothole", "damageClass": "D40", "lastObservation": "2024-03-01T08:09:13.864393+00:00", "confidence": 0.7394792437553406, "gpsCoordinates": {"lat": 53.64309, "lng": 9.793726}}, {"type": "pothole", "damageClass": "D40", "lastObservation": "2024-03-01T08:09:13.864393+00:00", "confidence": 0.6014221906661987, "gpsCoordinates": {"lat": 53.64309, "lng": 9.793726}}, {"type": "pothole", "damageClass": "D40", "lastObservation": "2024-03-01T08:09:13.864393+00:00", "confidence": 0.4591692090034485, "gpsCoordinates": {"lat": 53.64309, "lng": 9.793726}}, {"type": "pothole", "damageClass": "D40", "lastObservation": "2024-03-01T08:09:13.864393+00:00", "confidence": 0.3827968239784241, "gpsCoordinates": {"lat": 53.64309, "lng": 9.793726}}, {"type": "pothole", "damageClass": "D40", "lastObservation": "2024-03-01T08:09:13.864393+00:00", "confidence": 0.3129118084907532, "gpsCoordinates": {"lat": 53.64309, "lng": 9.793726}}]}, {"resultName": "damage-49.jpg", "roadDamages": []}, {"resultName": "damage-29.jpg", "roadDamages": [{"type": "pothole", "damageClass": "D40", "lastObservation": "2024-03-01T08:09:13.865317+00:00", "confidence": 0.5510812401771545, "gpsCoordinates": {"lat": 53.643438, "lng": 9.79303}}, {"type": "pothole", "damageClass": "D40", "lastObservation": "2024-03-01T08:09:13.865317+00:00", "confidence": 0.42645686864852905, "gpsCoordinates": {"lat": 53.643438, "lng": 9.79303}}, {"type": "pothole", "damageClass": "D40", "lastObservation": "2024-03-01T08:09:13.865317+00:00", "confidence": 0.3171539902687073, "gpsCoordinates": {"lat": 53.643438, "lng": 9.79303}}, {"type": "pothole", "damageClass": "D40", "lastObservation": "2024-03-01T08:09:13.865317+00:00", "confidence": 0.28297263383865356, "gpsCoordinates": {"lat": 53.643438, "lng": 9.79303}}]}, {"resultName": "damage-53.jpg", "roadDamages": [{"type": "pothole", "damageClass": "D40", "lastObservation": "2024-03-01T08:09:13.865670+00:00", "confidence": 0.6549690961837769, "gpsCoordinates": {"lat": 53.63953, "lng": 9.791916999921588}}, {"type": "pothole", "damageClass": "D40", "lastObservation": "2024-03-01T08:09:13.865670+00:00", "confidence": 0.49222299456596375, "gpsCoordinates": {"lat": 53.63953, "lng": 9.791916999921588}}]}, {"resultName": "damage-13.jpg", "roadDamages": [{"type": "pothole", "damageClass": "D40", "lastObservation": "2024-03-01T08:09:13.866009+00:00", "confidence": 0.7726550102233887, "gpsCoordinates": {"lat": 53.640778, "lng": 9.78451}}, {"type": "pothole", "damageClass": "D40", "lastObservation": "2024-03-01T08:09:13.866009+00:00", "confidence": 0.5080943703651428, "gpsCoordinates": {"lat": 53.640778, "lng": 9.78451}}, {"type": "pothole", "damageClass": "D40", "lastObservation": "2024-03-01T08:09:13.866009+00:00", "confidence": 0.40192028880119324, "gpsCoordinates": {"lat": 53.640778, "lng": 9.78451}}]}, {"resultName": "damage-41.jpg", "roadDamages": [{"type": "pothole", "damageClass": "D40", "lastObservation": "2024-03-01T08:09:13.866554+00:00", "confidence": 0.8104212880134583, "gpsCoordinates": {"lat": 53.642021, "lng": 9.794395}}, {"type": "pothole", "damageClass": "D40", "lastObservation": "2024-03-01T08:09:13.866554+00:00", "confidence": 0.46649426221847534, "gpsCoordinates": {"lat": 53.642021, "lng": 9.794395}}]}, {"resultName": "damage-7.jpg", "roadDamages": [{"type": "pothole", "damageClass": "D40", "lastObservation": "2024-03-01T08:09:13.867225+00:00", "confidence": 0.7316692471504211, "gpsCoordinates": {"lat": 53.637825, "lng": 9.791995}}, {"type": "pothole", "damageClass": "D40", "lastObservation": "2024-03-01T08:09:13.867225+00:00", "confidence": 0.6356883645057678, "gpsCoordinates": {"lat": 53.637825, "lng": 9.791995}}, {"type": "transverse crack", "damageClass": "D10", "lastObservation": "2024-03-01T08:09:13.867225+00:00", "confidence": 0.2738204300403595, "gpsCoordinates": {"lat": 53.637825, "lng": 9.791995}}]}, {"resultName": "damage-37.jpg", "roadDamages": [{"type": "pothole", "damageClass": "D40", "lastObservation": "2024-03-01T08:09:13.867901+00:00", "confidence": 0.5949416160583496, "gpsCoordinates": {"lat": 53.642404, "lng": 9.794537}}, {"type": "pothole", "damageClass": "D40", "lastObservation": "2024-03-01T08:09:13.867901+00:00", "confidence": 0.5639499425888062, "gpsCoordinates": {"lat": 53.642404, "lng": 9.794537}}, {"type": "pothole", "damageClass": "D40", "lastObservation": "2024-03-01T08:09:13.867901+00:00", "confidence": 0.434287428855896, "gpsCoordinates": {"lat": 53.642404, "lng": 9.794537}}, {"type": "pothole", "damageClass": "D40", "lastObservation": "2024-03-01T08:09:13.867901+00:00", "confidence": 0.36002087593078613, "gpsCoordinates": {"lat": 53.642404, "lng": 9.794537}}]}, {"resultName": "damage-1.jpg", "roadDamages": [{"type": "pothole", "damageClass": "D40", "lastObservation": "2024-03-01T08:09:13.868569+00:00", "confidence": 0.8303996324539185, "gpsCoordinates": {"lat": 53.641468, "lng": 9.779396}}, {"type": "pothole", "damageClass": "D40", "lastObservation": "2024-03-01T08:09:13.868569+00:00", "confidence": 0.8282433748245239, "gpsCoordinates": {"lat": 53.641468, "lng": 9.779396}}, {"type": "pothole", "damageClass": "D40", "lastObservation": "2024-03-01T08:09:13.868569+00:00", "confidence": 0.7098336815834045, "gpsCoordinates": {"lat": 53.641468, "lng": 9.779396}}, {"type": "pothole", "damageClass": "D40", "lastObservation": "2024-03-01T08:09:13.868569+00:00", "confidence": 0.6912749409675598, "gpsCoordinates": {"lat": 53.641468, "lng": 9.779396}}, {"type": "pothole", "damageClass": "D40", "lastObservation": "2024-03-01T08:09:13.868569+00:00", "confidence": 0.6848192811012268, "gpsCoordinates": {"lat": 53.641468, "lng": 9.779396}}, {"type": "pothole", "damageClass": "D40", "lastObservation": "2024-03-01T08:09:13.868569+00:00", "confidence": 0.46980592608451843, "gpsCoordinates": {"lat": 53.641468, "lng": 9.779396}}, {"type": "pothole", "damageClass": "D40", "lastObservation": "2024-03-01T08:09:13.868569+00:00", "confidence": 0.4319152534008026, "gpsCoordinates": {"lat": 53.641468, "lng": 9.779396}}, {"type": "pothole", "damageClass": "D40", "lastObservation": "2024-03-01T08:09:13.868569+00:00", "confidence": 0.416867733001709, "gpsCoordinates": {"lat": 53.641468, "lng": 9.779396}}]}, {"resultName": "damage-30.jpg", "roadDamages": [{"type": "pothole", "damageClass": "D40", "lastObservation": "2024-03-01T08:09:13.869235+00:00", "confidence": 0.509828507900238, "gpsCoordinates": {"lat": 53.64318899991459, "lng": 9.793573}}, {"type": "pothole", "damageClass": "D40", "lastObservation": "2024-03-01T08:09:13.869235+00:00", "confidence": 0.4644942283630371, "gpsCoordinates": {"lat": 53.64318899991459, "lng": 9.793573}}, {"type": "pothole", "damageClass": "D40", "lastObservation": "2024-03-01T08:09:13.869235+00:00", "confidence": 0.3933156430721283, "gpsCoordinates": {"lat": 53.64318899991459, "lng": 9.793573}}]}, {"resultName": "damage-56.jpg", "roadDamages": [{"type": "pothole", "damageClass": "D40", "lastObservation": "2024-03-01T08:09:13.869879+00:00", "confidence": 0.6919029355049133, "gpsCoordinates": {"lat": 53.638872, "lng": 9.791231}}, {"type": "pothole", "damageClass": "D40", "lastObservation": "2024-03-01T08:09:13.869879+00:00", "confidence": 0.6283814311027527, "gpsCoordinates": {"lat": 53.638872, "lng": 9.791231}}, {"type": "pothole", "damageClass": "D40", "lastObservation": "2024-03-01T08:09:13.869879+00:00", "confidence": 0.4443119168281555, "gpsCoordinates": {"lat": 53.638872, "lng": 9.791231}}, {"type": "pothole", "damageClass": "D40", "lastObservation": "2024-03-01T08:09:13.869879+00:00", "confidence": 0.3998340368270874, "gpsCoordinates": {"lat": 53.638872, "lng": 9.791231}}, {"type": "pothole", "damageClass": "D40", "lastObservation": "2024-03-01T08:09:13.869879+00:00", "confidence": 0.35345977544784546, "gpsCoordinates": {"lat": 53.638872, "lng": 9.791231}}, {"type": "pothole", "damageClass": "D40", "lastObservation": "2024-03-01T08:09:13.869879+00:00", "confidence": 0.2813655734062195, "gpsCoordinates": {"lat": 53.638872, "lng": 9.791231}}]}, {"resultName": "damage-19.jpg", "roadDamages": [{"type": "pothole", "damageClass": "D40", "lastObservation": "2024-03-01T08:09:13.870388+00:00", "confidence": 0.7365979552268982, "gpsCoordinates": {"lat": 53.641267, "lng": 9.788508}}, {"type": "pothole", "damageClass": "D40", "lastObservation": "2024-03-01T08:09:13.870388+00:00", "confidence": 0.4334319531917572, "gpsCoordinates": {"lat": 53.641267, "lng": 9.788508}}, {"type": "pothole", "damageClass": "D40", "lastObservation": "2024-03-01T08:09:13.870388+00:00", "confidence": 0.30316051840782166, "gpsCoordinates": {"lat": 53.641267, "lng": 9.788508}}]}, {"resultName": "damage-51.jpg", "roadDamages": [{"type": "pothole", "damageClass": "D40", "lastObservation": "2024-03-01T08:09:13.870967+00:00", "confidence": 0.7870194315910339, "gpsCoordinates": {"lat": 53.639773, "lng": 9.792182}}, {"type": "pothole", "damageClass": "D40", "lastObservation": "2024-03-01T08:09:13.870967+00:00", "confidence": 0.7382450103759766, "gpsCoordinates": {"lat": 53.639773, "lng": 9.792182}}, {"type": "pothole", "damageClass": "D40", "lastObservation": "2024-03-01T08:09:13.870967+00:00", "confidence": 0.6629315614700317, "gpsCoordinates": {"lat": 53.639773, "lng": 9.792182}}, {"type": "pothole", "damageClass": "D40", "lastObservation": "2024-03-01T08:09:13.870967+00:00", "confidence": 0.5152473449707031, "gpsCoordinates": {"lat": 53.639773, "lng": 9.792182}}, {"type": "pothole", "damageClass": "D40", "lastObservation": "2024-03-01T08:09:13.870967+00:00", "confidence": 0.2505190074443817, "gpsCoordinates": {"lat": 53.639773, "lng": 9.792182}}]}, {"resultName": "damage-54.jpg", "roadDamages": [{"type": "pothole", "damageClass": "D40", "lastObservation": "2024-03-01T08:09:13.871652+00:00", "confidence": 0.6774276494979858, "gpsCoordinates": {"lat": 53.6390679908327, "lng": 9.791421352755194}}, {"type": "pothole", "damageClass": "D40", "lastObservation": "2024-03-01T08:09:13.871652+00:00", "confidence": 0.6540001034736633, "gpsCoordinates": {"lat": 53.6390679908327, "lng": 9.791421352755194}}, {"type": "pothole", "damageClass": "D40", "lastObservation": "2024-03-01T08:09:13.871652+00:00", "confidence": 0.6162869930267334, "gpsCoordinates": {"lat": 53.6390679908327, "lng": 9.791421352755194}}, {"type": "pothole", "damageClass": "D40", "lastObservation": "2024-03-01T08:09:13.871652+00:00", "confidence": 0.6084016561508179, "gpsCoordinates": {"lat": 53.6390679908327, "lng": 9.791421352755194}}, {"type": "pothole", "damageClass": "D40", "lastObservation": "2024-03-01T08:09:13.871652+00:00", "confidence": 0.5716862082481384, "gpsCoordinates": {"lat": 53.6390679908327, "lng": 9.791421352755194}}, {"type": "pothole", "damageClass": "D40", "lastObservation": "2024-03-01T08:09:13.871652+00:00", "confidence": 0.5584056377410889, "gpsCoordinates": {"lat": 53.6390679908327, "lng": 9.791421352755194}}, {"type": "pothole", "damageClass": "D40", "lastObservation": "2024-03-01T08:09:13.871652+00:00", "confidence": 0.5545457601547241, "gpsCoordinates": {"lat": 53.6390679908327, "lng": 9.791421352755194}}, {"type": "pothole", "damageClass": "D40", "lastObservation": "2024-03-01T08:09:13.871652+00:00", "confidence": 0.40930017828941345, "gpsCoordinates": {"lat": 53.6390679908327, "lng": 9.791421352755194}}, {"type": "pothole", "damageClass": "D40", "lastObservation": "2024-03-01T08:09:13.871652+00:00", "confidence": 0.39124998450279236, "gpsCoordinates": {"lat": 53.6390679908327, "lng": 9.791421352755194}}, {"type": "pothole", "damageClass": "D40", "lastObservation": "2024-03-01T08:09:13.871652+00:00", "confidence": 0.3557945787906647, "gpsCoordinates": {"lat": 53.6390679908327, "lng": 9.791421352755194}}, {"type": "pothole", "damageClass": "D40", "lastObservation": "2024-03-01T08:09:13.871652+00:00", "confidence": 0.3461633622646332, "gpsCoordinates": {"lat": 53.6390679908327, "lng": 9.791421352755194}}]}, {"resultName": "damage-4.jpg", "roadDamages": [{"type": "mesh crack", "damageClass": "D20", "lastObservation": "2024-03-01T08:09:13.872315+00:00", "confidence": 0.2874656021595001, "gpsCoordinates": {"lat": 53.642283, "lng": 9.794588}}]}, {"resultName": "damage-38.jpg", "roadDamages": [{"type": "pothole", "damageClass": "D40", "lastObservation": "2024-03-01T08:09:13.872993+00:00", "confidence": 0.6419222354888916, "gpsCoordinates": {"lat": 53.642345, "lng": 9.794587}}, {"type": "pothole", "damageClass": "D40", "lastObservation": "2024-03-01T08:09:13.872993+00:00", "confidence": 0.3511742353439331, "gpsCoordinates": {"lat": 53.642345, "lng": 9.794587}}]}, {"resultName": "damage-50.jpg", "roadDamages": [{"type": "pothole", "damageClass": "D40", "lastObservation": "2024-03-01T08:09:13.873590+00:00", "confidence": 0.4692498743534088, "gpsCoordinates": {"lat": 53.640139, "lng": 9.792577}}, {"type": "pothole", "damageClass": "D40", "lastObservation": "2024-03-01T08:09:13.873590+00:00", "confidence": 0.35892626643180847, "gpsCoordinates": {"lat": 53.640139, "lng": 9.792577}}]}, {"resultName": "damage-55.jpg", "roadDamages": [{"type": "pothole", "damageClass": "D40", "lastObservation": "2024-03-01T08:09:13.874207+00:00", "confidence": 0.38594746589660645, "gpsCoordinates": {"lat": 53.638994, "lng": 9.791337}}, {"type": "pothole", "damageClass": "D40", "lastObservation": "2024-03-01T08:09:13.874207+00:00", "confidence": 0.38354209065437317, "gpsCoordinates": {"lat": 53.638994, "lng": 9.791337}}]}, {"resultName": "damage-48.jpg", "roadDamages": [{"type": "pothole", "damageClass": "D40", "lastObservation": "2024-03-01T08:09:13.874851+00:00", "confidence": 0.4357973337173462, "gpsCoordinates": {"lat": 53.640662, "lng": 9.793162}}, {"type": "pothole", "damageClass": "D40", "lastObservation": "2024-03-01T08:09:13.874851+00:00", "confidence": 0.2657463848590851, "gpsCoordinates": {"lat": 53.640662, "lng": 9.793162}}]}, {"resultName": "damage-28.jpg", "roadDamages": [{"type": "pothole", "damageClass": "D40", "lastObservation": "2024-03-01T08:09:13.875400+00:00", "confidence": 0.43482258915901184, "gpsCoordinates": {"lat": 53.643054, "lng": 9.792698}}, {"type": "pothole", "damageClass": "D40", "lastObservation": "2024-03-01T08:09:13.875400+00:00", "confidence": 0.37645912170410156, "gpsCoordinates": {"lat": 53.643054, "lng": 9.792698}}]}, {"resultName": "damage-10.jpg", "roadDamages": [{"type": "pothole", "damageClass": "D40", "lastObservation": "2024-03-01T08:09:13.875800+00:00", "confidence": 0.3856736123561859, "gpsCoordinates": {"lat": 53.641449, "lng": 9.779388}}, {"type": "pothole", "damageClass": "D40", "lastObservation": "2024-03-01T08:09:13.875800+00:00", "confidence": 0.3281542658805847, "gpsCoordinates": {"lat": 53.641449, "lng": 9.779388}}]}, {"resultName": "damage-15.jpg", "roadDamages": [{"type": "pothole", "damageClass": "D40", "lastObservation": "2024-03-01T08:09:13.876480+00:00", "confidence": 0.35812535881996155, "gpsCoordinates": {"lat": 53.64081, "lng": 9.785243}}]}, {"resultName": "damage-60.jpg", "roadDamages": [{"type": "pothole", "damageClass": "D40", "lastObservation": "2024-03-01T08:09:13.876971+00:00", "confidence": 0.4287775158882141, "gpsCoordinates": {"lat": 53.637828, "lng": 9.791992999919074}}]}, {"resultName": "damage-17.jpg", "roadDamages": [{"type": "pothole", "damageClass": "D40", "lastObservation": "2024-03-01T08:09:13.877340+00:00", "confidence": 0.6931797862052917, "gpsCoordinates": {"lat": 53.640973000069145, "lng": 9.786639}}, {"type": "pothole", "damageClass": "D40", "lastObservation": "2024-03-01T08:09:13.877340+00:00", "confidence": 0.6567182540893555, "gpsCoordinates": {"lat": 53.640973000069145, "lng": 9.786639}}, {"type": "pothole", "damageClass": "D40", "lastObservation": "2024-03-01T08:09:13.877340+00:00", "confidence": 0.6506408452987671, "gpsCoordinates": {"lat": 53.640973000069145, "lng": 9.786639}}, {"type": "pothole", "damageClass": "D40", "lastObservation": "2024-03-01T08:09:13.877340+00:00", "confidence": 0.6350623965263367, "gpsCoordinates": {"lat": 53.640973000069145, "lng": 9.786639}}, {"type": "pothole", "damageClass": "D40", "lastObservation": "2024-03-01T08:09:13.877340+00:00", "confidence": 0.4792158603668213, "gpsCoordinates": {"lat": 53.640973000069145, "lng": 9.786639}}, {"type": "pothole", "damageClass": "D40", "lastObservation": "2024-03-01T08:09:13.877340+00:00", "confidence": 0.36728736758232117, "gpsCoordinates": {"lat": 53.640973000069145, "lng": 9.786639}}]}, {"resultName": "damage-58.jpg", "roadDamages": [{"type": "pothole", "damageClass": "D40", "lastObservation": "2024-03-01T08:09:13.877682+00:00", "confidence": 0.3403756022453308, "gpsCoordinates": {"lat": 53.638714, "lng": 9.79126}}]}, {"resultName": "damage-24.jpg", "roadDamages": [{"type": "pothole", "damageClass": "D40", "lastObservation": "2024-03-01T08:09:13.878019+00:00", "confidence": 0.7744657397270203, "gpsCoordinates": {"lat": 53.641756, "lng": 9.791515}}, {"type": "pothole", "damageClass": "D40", "lastObservation": "2024-03-01T08:09:13.878019+00:00", "confidence": 0.5519613027572632, "gpsCoordinates": {"lat": 53.641756, "lng": 9.791515}}, {"type": "pothole", "damageClass": "D40", "lastObservation": "2024-03-01T08:09:13.878019+00:00", "confidence": 0.46560215950012207, "gpsCoordinates": {"lat": 53.641756, "lng": 9.791515}}]}, {"resultName": "damage-59.jpg", "roadDamages": [{"type": "pothole", "damageClass": "D40", "lastObservation": "2024-03-01T08:09:13.878358+00:00", "confidence": 0.6610168814659119, "gpsCoordinates": {"lat": 53.638512, "lng": 9.791429}}, {"type": "pothole", "damageClass": "D40", "lastObservation": "2024-03-01T08:09:13.878358+00:00", "confidence": 0.46811816096305847, "gpsCoordinates": {"lat": 53.638512, "lng": 9.791429}}, {"type": "pothole", "damageClass": "D40", "lastObservation": "2024-03-01T08:09:13.878358+00:00", "confidence": 0.38636353611946106, "gpsCoordinates": {"lat": 53.638512, "lng": 9.791429}}, {"type": "pothole", "damageClass": "D40", "lastObservation": "2024-03-01T08:09:13.878358+00:00", "confidence": 0.2580077350139618, "gpsCoordinates": {"lat": 53.638512, "lng": 9.791429}}]}, {"resultName": "damage-57.jpg", "roadDamages": [{"type": "pothole", "damageClass": "D40", "lastObservation": "2024-03-01T08:09:13.878692+00:00", "confidence": 0.7740374803543091, "gpsCoordinates": {"lat": 53.638791, "lng": 9.791231}}, {"type": "pothole", "damageClass": "D40", "lastObservation": "2024-03-01T08:09:13.878692+00:00", "confidence": 0.582847535610199, "gpsCoordinates": {"lat": 53.638791, "lng": 9.791231}}, {"type": "pothole", "damageClass": "D40", "lastObservation": "2024-03-01T08:09:13.878692+00:00", "confidence": 0.3855104148387909, "gpsCoordinates": {"lat": 53.638791, "lng": 9.791231}}, {"type": "pothole", "damageClass": "D40", "lastObservation": "2024-03-01T08:09:13.878692+00:00", "confidence": 0.2966259717941284, "gpsCoordinates": {"lat": 53.638791, "lng": 9.791231}}, {"type": "pothole", "damageClass": "D40", "lastObservation": "2024-03-01T08:09:13.878692+00:00", "confidence": 0.28612712025642395, "gpsCoordinates": {"lat": 53.638791, "lng": 9.791231}}]}, {"resultName": "damage-12.jpg", "roadDamages": [{"type": "pothole", "damageClass": "D40", "lastObservation": "2024-03-01T08:09:13.879127+00:00", "confidence": 0.6926457285881042, "gpsCoordinates": {"lat": 53.640784, "lng": 9.784312}}, {"type": "pothole", "damageClass": "D40", "lastObservation": "2024-03-01T08:09:13.879127+00:00", "confidence": 0.5105916261672974, "gpsCoordinates": {"lat": 53.640784, "lng": 9.784312}}, {"type": "pothole", "damageClass": "D40", "lastObservation": "2024-03-01T08:09:13.879127+00:00", "confidence": 0.2884240448474884, "gpsCoordinates": {"lat": 53.640784, "lng": 9.784312}}]}, {"resultName": "damage-27.jpg", "roadDamages": [{"type": "pothole", "damageClass": "D40", "lastObservation": "2024-03-01T08:09:13.879609+00:00", "confidence": 0.5671637654304504, "gpsCoordinates": {"lat": 53.643052, "lng": 9.792696}}, {"type": "pothole", "damageClass": "D40", "lastObservation": "2024-03-01T08:09:13.879609+00:00", "confidence": 0.29104772210121155, "gpsCoordinates": {"lat": 53.643052, "lng": 9.792696}}]}, {"resultName": "damage-43.jpg", "roadDamages": [{"type": "pothole", "damageClass": "D40", "lastObservation": "2024-03-01T08:09:13.880015+00:00", "confidence": 0.7139889597892761, "gpsCoordinates": {"lat": 53.641389454435775, "lng": 9.793897511065126}}, {"type": "pothole", "damageClass": "D40", "lastObservation": "2024-03-01T08:09:13.880015+00:00", "confidence": 0.5106875896453857, "gpsCoordinates": {"lat": 53.641389454435775, "lng": 9.793897511065126}}, {"type": "pothole", "damageClass": "D40", "lastObservation": "2024-03-01T08:09:13.880015+00:00", "confidence": 0.38061150908470154, "gpsCoordinates": {"lat": 53.641389454435775, "lng": 9.793897511065126}}, {"type": "pothole", "damageClass": "D40", "lastObservation": "2024-03-01T08:09:13.880015+00:00", "confidence": 0.3324410319328308, "gpsCoordinates": {"lat": 53.641389454435775, "lng": 9.793897511065126}}]}, {"resultName": "damage-20.jpg", "roadDamages": [{"type": "pothole", "damageClass": "D40", "lastObservation": "2024-03-01T08:09:13.880530+00:00", "confidence": 0.8360206484794617, "gpsCoordinates": {"lat": 53.641456, "lng": 9.789709}}, {"type": "pothole", "damageClass": "D40", "lastObservation": "2024-03-01T08:09:13.880530+00:00", "confidence": 0.7745583653450012, "gpsCoordinates": {"lat": 53.641456, "lng": 9.789709}}, {"type": "pothole", "damageClass": "D40", "lastObservation": "2024-03-01T08:09:13.880530+00:00", "confidence": 0.7251051068305969, "gpsCoordinates": {"lat": 53.641456, "lng": 9.789709}}, {"type": "pothole", "damageClass": "D40", "lastObservation": "2024-03-01T08:09:13.880530+00:00", "confidence": 0.7058207392692566, "gpsCoordinates": {"lat": 53.641456, "lng": 9.789709}}, {"type": "pothole", "damageClass": "D40", "lastObservation": "2024-03-01T08:09:13.880530+00:00", "confidence": 0.6335805058479309, "gpsCoordinates": {"lat": 53.641456, "lng": 9.789709}}, {"type": "pothole", "damageClass": "D40", "lastObservation": "2024-03-01T08:09:13.880530+00:00", "confidence": 0.6222313046455383, "gpsCoordinates": {"lat": 53.641456, "lng": 9.789709}}, {"type": "pothole", "damageClass": "D40", "lastObservation": "2024-03-01T08:09:13.880530+00:00", "confidence": 0.4687277674674988, "gpsCoordinates": {"lat": 53.641456, "lng": 9.789709}}, {"type": "pothole", "damageClass": "D40", "lastObservation": "2024-03-01T08:09:13.880530+00:00", "confidence": 0.2712804079055786, "gpsCoordinates": {"lat": 53.641456, "lng": 9.789709}}, {"type": "pothole", "damageClass": "D40", "lastObservation": "2024-03-01T08:09:13.880530+00:00", "confidence": 0.2547908127307892, "gpsCoordinates": {"lat": 53.641456, "lng": 9.789709}}]}, {"resultName": "damage-21.jpg", "roadDamages": [{"type": "pothole", "damageClass": "D40", "lastObservation": "2024-03-01T08:09:13.880979+00:00", "confidence": 0.7461013793945312, "gpsCoordinates": {"lat": 53.641559, "lng": 9.790369}}, {"type": "pothole", "damageClass": "D40", "lastObservation": "2024-03-01T08:09:13.880979+00:00", "confidence": 0.7338144779205322, "gpsCoordinates": {"lat": 53.641559, "lng": 9.790369}}, {"type": "pothole", "damageClass": "D40", "lastObservation": "2024-03-01T08:09:13.880979+00:00", "confidence": 0.7101907134056091, "gpsCoordinates": {"lat": 53.641559, "lng": 9.790369}}, {"type": "pothole", "damageClass": "D40", "lastObservation": "2024-03-01T08:09:13.880979+00:00", "confidence": 0.701861560344696, "gpsCoordinates": {"lat": 53.641559, "lng": 9.790369}}, {"type": "pothole", "damageClass": "D40", "lastObservation": "2024-03-01T08:09:13.880979+00:00", "confidence": 0.5525438785552979, "gpsCoordinates": {"lat": 53.641559, "lng": 9.790369}}, {"type": "pothole", "damageClass": "D40", "lastObservation": "2024-03-01T08:09:13.880979+00:00", "confidence": 0.3419305980205536, "gpsCoordinates": {"lat": 53.641559, "lng": 9.790369}}, {"type": "pothole", "damageClass": "D40", "lastObservation": "2024-03-01T08:09:13.880979+00:00", "confidence": 0.32417798042297363, "gpsCoordinates": {"lat": 53.641559, "lng": 9.790369}}, {"type": "pothole", "damageClass": "D40", "lastObservation": "2024-03-01T08:09:13.880979+00:00", "confidence": 0.3109998404979706, "gpsCoordinates": {"lat": 53.641559, "lng": 9.790369}}, {"type": "pothole", "damageClass": "D40", "lastObservation": "2024-03-01T08:09:13.880979+00:00", "confidence": 0.27967357635498047, "gpsCoordinates": {"lat": 53.641559, "lng": 9.790369}}]}, {"resultName": "damage-35.jpg", "roadDamages": [{"type": "pothole", "damageClass": "D40", "lastObservation": "2024-03-01T08:09:13.881366+00:00", "confidence": 0.7089977264404297, "gpsCoordinates": {"lat": 53.64268, "lng": 9.794124}}, {"type": "pothole", "damageClass": "D40", "lastObservation": "2024-03-01T08:09:13.881366+00:00", "confidence": 0.45291072130203247, "gpsCoordinates": {"lat": 53.64268, "lng": 9.794124}}, {"type": "pothole", "damageClass": "D40", "lastObservation": "2024-03-01T08:09:13.881366+00:00", "confidence": 0.351009339094162, "gpsCoordinates": {"lat": 53.64268, "lng": 9.794124}}]}, {"resultName": "damage-25.jpg", "roadDamages": [{"type": "pothole", "damageClass": "D40", "lastObservation": "2024-03-01T08:09:13.881864+00:00", "confidence": 0.6346874833106995, "gpsCoordinates": {"lat": 53.641822, "lng": 9.79161}}, {"type": "pothole", "damageClass": "D40", "lastObservation": "2024-03-01T08:09:13.881864+00:00", "confidence": 0.40310969948768616, "gpsCoordinates": {"lat": 53.641822, "lng": 9.79161}}, {"type": "pothole", "damageClass": "D40", "lastObservation": "2024-03-01T08:09:13.881864+00:00", "confidence": 0.2942706048488617, "gpsCoordinates": {"lat": 53.641822, "lng": 9.79161}}]}, {"resultName": "damage-26.jpg", "roadDamages": [{"type": "pothole", "damageClass": "D40", "lastObservation": "2024-03-01T08:09:13.882237+00:00", "confidence": 0.752225935459137, "gpsCoordinates": {"lat": 53.642778, "lng": 9.792459}}]}, {"resultName": "damage-42.jpg", "roadDamages": [{"type": "pothole", "damageClass": "D40", "lastObservation": "2024-03-01T08:09:13.882647+00:00", "confidence": 0.7862914204597473, "gpsCoordinates": {"lat": 53.641604, "lng": 9.794035}}, {"type": "pothole", "damageClass": "D40", "lastObservation": "2024-03-01T08:09:13.882647+00:00", "confidence": 0.7117769718170166, "gpsCoordinates": {"lat": 53.641604, "lng": 9.794035}}]}, {"resultName": "damage-33.jpg", "roadDamages": [{"type": "pothole", "damageClass": "D40", "lastObservation": "2024-03-01T08:09:13.883063+00:00", "confidence": 0.7617396116256714, "gpsCoordinates": {"lat": 53.642843, "lng": 9.793959}}]}, {"resultName": "damage-8.jpg", "roadDamages": [{"type": "pothole", "damageClass": "D40", "lastObservation": "2024-03-01T08:09:13.883526+00:00", "confidence": 0.6138217449188232, "gpsCoordinates": {"lat": 53.637828, "lng": 9.791992999919074}}, {"type": "pothole", "damageClass": "D40", "lastObservation": "2024-03-01T08:09:13.883526+00:00", "confidence": 0.3367985486984253, "gpsCoordinates": {"lat": 53.637828, "lng": 9.791992999919074}}, {"type": "pothole", "damageClass": "D40", "lastObservation": "2024-03-01T08:09:13.883526+00:00", "confidence": 0.3275829553604126, "gpsCoordinates": {"lat": 53.637828, "lng": 9.791992999919074}}, {"type": "pothole", "damageClass": "D40", "lastObservation": "2024-03-01T08:09:13.883526+00:00", "confidence": 0.32279282808303833, "gpsCoordinates": {"lat": 53.637828, "lng": 9.791992999919074}}, {"type": "pothole", "damageClass": "D40", "lastObservation": "2024-03-01T08:09:13.883526+00:00", "confidence": 0.2721327245235443, "gpsCoordinates": {"lat": 53.637828, "lng": 9.791992999919074}}]}, {"resultName": "damage-32.jpg", "roadDamages": [{"type": "pothole", "damageClass": "D40", "lastObservation": "2024-03-01T08:09:13.883945+00:00", "confidence": 0.8217488527297974, "gpsCoordinates": {"lat": 53.64294300007046, "lng": 9.793875}}, {"type": "pothole", "damageClass": "D40", "lastObservation": "2024-03-01T08:09:13.883945+00:00", "confidence": 0.6540362238883972, "gpsCoordinates": {"lat": 53.64294300007046, "lng": 9.793875}}, {"type": "pothole", "damageClass": "D40", "lastObservation": "2024-03-01T08:09:13.883945+00:00", "confidence": 0.5555241703987122, "gpsCoordinates": {"lat": 53.64294300007046, "lng": 9.793875}}]}, {"resultName": "damage-22.jpg", "roadDamages": [{"type": "pothole", "damageClass": "D40", "lastObservation": "2024-03-01T08:09:13.884442+00:00", "confidence": 0.7251090407371521, "gpsCoordinates": {"lat": 53.6417, "lng": 9.791266}}, {"type": "pothole", "damageClass": "D40", "lastObservation": "2024-03-01T08:09:13.884442+00:00", "confidence": 0.6456357836723328, "gpsCoordinates": {"lat": 53.6417, "lng": 9.791266}}, {"type": "pothole", "damageClass": "D40", "lastObservation": "2024-03-01T08:09:13.884442+00:00", "confidence": 0.47859132289886475, "gpsCoordinates": {"lat": 53.6417, "lng": 9.791266}}, {"type": "pothole", "damageClass": "D40", "lastObservation": "2024-03-01T08:09:13.884442+00:00", "confidence": 0.25252577662467957, "gpsCoordinates": {"lat": 53.6417, "lng": 9.791266}}]}, {"resultName": "damage-36.jpg", "roadDamages": [{"type": "pothole", "damageClass": "D40", "lastObservation": "2024-03-01T08:09:13.884893+00:00", "confidence": 0.6491643786430359, "gpsCoordinates": {"lat": 53.642465, "lng": 9.794458}}, {"type": "pothole", "damageClass": "D40", "lastObservation": "2024-03-01T08:09:13.884893+00:00", "confidence": 0.5379851460456848, "gpsCoordinates": {"lat": 53.642465, "lng": 9.794458}}, {"type": "pothole", "damageClass": "D40", "lastObservation": "2024-03-01T08:09:13.884893+00:00", "confidence": 0.49546685814857483, "gpsCoordinates": {"lat": 53.642465, "lng": 9.794458}}]}, {"resultName": "damage-2.jpg", "roadDamages": [{"type": "pothole", "damageClass": "D40", "lastObservation": "2024-03-01T08:09:13.885316+00:00", "confidence": 0.4582671523094177, "gpsCoordinates": {"lat": 53.641351, "lng": 9.789046}}, {"type": "pothole", "damageClass": "D40", "lastObservation": "2024-03-01T08:09:13.885316+00:00", "confidence": 0.3463531732559204, "gpsCoordinates": {"lat": 53.641351, "lng": 9.789046}}, {"type": "pothole", "damageClass": "D40", "lastObservation": "2024-03-01T08:09:13.885316+00:00", "confidence": 0.28783419728279114, "gpsCoordinates": {"lat": 53.641351, "lng": 9.789046}}, {"type": "pothole", "damageClass": "D40", "lastObservation": "2024-03-01T08:09:13.885316+00:00", "confidence": 0.28418204188346863, "gpsCoordinates": {"lat": 53.641351, "lng": 9.789046}}]}, {"resultName": "damage-18.jpg", "roadDamages": [{"type": "pothole", "damageClass": "D40", "lastObservation": "2024-03-01T08:09:13.885674+00:00", "confidence": 0.774231493473053, "gpsCoordinates": {"lat": 53.641146, "lng": 9.787739}}, {"type": "pothole", "damageClass": "D40", "lastObservation": "2024-03-01T08:09:13.885674+00:00", "confidence": 0.6625608205795288, "gpsCoordinates": {"lat": 53.641146, "lng": 9.787739}}, {"type": "longitudinal crack", "damageClass": "D00", "lastObservation": "2024-03-01T08:09:13.885674+00:00", "confidence": 0.29200783371925354, "gpsCoordinates": {"lat": 53.641146, "lng": 9.787739}}]}, {"resultName": "damage-47.jpg", "roadDamages": [{"type": "pothole", "damageClass": "D40", "lastObservation": "2024-03-01T08:09:13.886129+00:00", "confidence": 0.4578924775123596, "gpsCoordinates": {"lat": 53.640834, "lng": 9.793459000090408}}, {"type": "mesh crack", "damageClass": "D20", "lastObservation": "2024-03-01T08:09:13.886129+00:00", "confidence": 0.40375223755836487, "gpsCoordinates": {"lat": 53.640834, "lng": 9.793459000090408}}, {"type": "pothole", "damageClass": "D40", "lastObservation": "2024-03-01T08:09:13.886129+00:00", "confidence": 0.25316452980041504, "gpsCoordinates": {"lat": 53.640834, "lng": 9.793459000090408}}]}, {"resultName": "damage-9.jpg", "roadDamages": [{"type": "pothole", "damageClass": "D40", "lastObservation": "2024-03-01T08:09:13.886485+00:00", "confidence": 0.3497193455696106, "gpsCoordinates": {"lat": 53.63777, "lng": 9.791896}}, {"type": "pothole", "damageClass": "D40", "lastObservation": "2024-03-01T08:09:13.886485+00:00", "confidence": 0.2616395950317383, "gpsCoordinates": {"lat": 53.63777, "lng": 9.791896}}]}, {"resultName": "damage-39.jpg", "roadDamages": [{"type": "pothole", "damageClass": "D40", "lastObservation": "2024-03-01T08:09:13.886832+00:00", "confidence": 0.7488287091255188, "gpsCoordinates": {"lat": 53.642335, "lng": 9.794587}}, {"type": "pothole", "damageClass": "D40", "lastObservation": "2024-03-01T08:09:13.886832+00:00", "confidence": 0.7179948687553406, "gpsCoordinates": {"lat": 53.642335, "lng": 9.794587}}, {"type": "pothole", "damageClass": "D40", "lastObservation": "2024-03-01T08:09:13.886832+00:00", "confidence": 0.7136943936347961, "gpsCoordinates": {"lat": 53.642335, "lng": 9.794587}}, {"type": "pothole", "damageClass": "D40", "lastObservation": "2024-03-01T08:09:13.886832+00:00", "confidence": 0.6902451515197754, "gpsCoordinates": {"lat": 53.642335, "lng": 9.794587}}, {"type": "pothole", "damageClass": "D40", "lastObservation": "2024-03-01T08:09:13.886832+00:00", "confidence": 0.6683964133262634, "gpsCoordinates": {"lat": 53.642335, "lng": 9.794587}}, {"type": "pothole", "damageClass": "D40", "lastObservation": "2024-03-01T08:09:13.886832+00:00", "confidence": 0.5654178261756897, "gpsCoordinates": {"lat": 53.642335, "lng": 9.794587}}, {"type": "pothole", "damageClass": "D40", "lastObservation": "2024-03-01T08:09:13.886832+00:00", "confidence": 0.45202121138572693, "gpsCoordinates": {"lat": 53.642335, "lng": 9.794587}}, {"type": "pothole", "damageClass": "D40", "lastObservation": "2024-03-01T08:09:13.886832+00:00", "confidence": 0.32723483443260193, "gpsCoordinates": {"lat": 53.642335, "lng": 9.794587}}]}, {"resultName": "damage-40.jpg", "roadDamages": [{"type": "pothole", "damageClass": "D40", "lastObservation": "2024-03-01T08:09:13.887169+00:00", "confidence": 0.7504684329032898, "gpsCoordinates": {"lat": 53.642221, "lng": 9.794569}}, {"type": "pothole", "damageClass": "D40", "lastObservation": "2024-03-01T08:09:13.887169+00:00", "confidence": 0.32213377952575684, "gpsCoordinates": {"lat": 53.642221, "lng": 9.794569}}]}, {"resultName": "damage-44.jpg", "roadDamages": [{"type": "pothole", "damageClass": "D40", "lastObservation": "2024-03-01T08:09:13.887560+00:00", "confidence": 0.7938379645347595, "gpsCoordinates": {"lat": 53.641055, "lng": 9.793682}}, {"type": "pothole", "damageClass": "D40", "lastObservation": "2024-03-01T08:09:13.887560+00:00", "confidence": 0.6625124216079712, "gpsCoordinates": {"lat": 53.641055, "lng": 9.793682}}, {"type": "pothole", "damageClass": "D40", "lastObservation": "2024-03-01T08:09:13.887560+00:00", "confidence": 0.5006782412528992, "gpsCoordinates": {"lat": 53.641055, "lng": 9.793682}}, {"type": "pothole", "damageClass": "D40", "lastObservation": "2024-03-01T08:09:13.887560+00:00", "confidence": 0.322657972574234, "gpsCoordinates": {"lat": 53.641055, "lng": 9.793682}}, {"type": "pothole", "damageClass": "D40", "lastObservation": "2024-03-01T08:09:13.887560+00:00", "confidence": 0.2633458971977234, "gpsCoordinates": {"lat": 53.641055, "lng": 9.793682}}, {"type": "pothole", "damageClass": "D40", "lastObservation": "2024-03-01T08:09:13.887560+00:00", "confidence": 0.2578880190849304, "gpsCoordinates": {"lat": 53.641055, "lng": 9.793682}}, {"type": "pothole", "damageClass": "D40", "lastObservation": "2024-03-01T08:09:13.887560+00:00", "confidence": 0.25253045558929443, "gpsCoordinates": {"lat": 53.641055, "lng": 9.793682}}]}]